{
    "camera_properties": {
        "resolution": {
            "width": 1024,
            "height": 1024
        },
        "clipping_range": [
            1.0,
            1000000.0
        ],
        "horizontal_aperture": 20.954999923706055,
        "focal_length": 24.0,
        "tf_mat": [
            [
                0.8125589871203802,
                -0.46819443809534156,
                -0.34719138898666474,
                0.0
            ],
            [
                0.0,
                0.5956491955940538,
                -0.80324469234982,
                0.0
            ],
            [
                0.5828789689548785,
                0.652683693625591,
                0.4840001070509735,
                -0.0
            ],
            [
                -9.27519314509469e-15,
                2.8421709430404014e-14,
                -248.82238769531256,
                1.0000000000000002
            ]
        ]
    },
    "asset_transforms": [
        [
            "Clock_payload.usd",
            [
                [
                    6.5690107345581055,
                    0.0,
                    0.0,
                    0.0
                ],
                [
                    0.0,
                    -1.4586133933032442e-15,
                    -6.569010734558107,
                    0.0
                ],
                [
                    0.0,
                    6.569010734558107,
                    -1.4586133933032442e-15,
                    0.0
                ],
                [
                    0.6273860391575459,
                    -48.32692203308368,
                    1.9275423798698852,
                    1.0
                ]
            ]
        ]
    ]
}