{
    "camera_properties": {
        "resolution": {
            "width": 1024,
            "height": 1024
        },
        "clipping_range": [
            1.0,
            1000000.0
        ],
        "horizontal_aperture": 20.954999923706055,
        "focal_length": 24.0,
        "tf_mat": [
            [
                0.753074670011714,
                -0.42821708006720194,
                -0.499508432086454,
                0.0
            ],
            [
                2.7755575615628914e-17,
                0.7592062856773096,
                -0.6508500716663275,
                0.0
            ],
            [
                0.6579350586393371,
                0.4901387029472199,
                0.571739023057259,
                -0.0
            ],
            [
                2.842170943040401e-14,
                0.0,
                -397.3316040039063,
                1.0
            ]
        ]
    },
    "asset_transforms": [
        [
            "Clock_payload.usd",
            [
                [
                    6.5690107345581055,
                    0.0,
                    0.0,
                    0.0
                ],
                [
                    0.0,
                    -1.4586133933032442e-15,
                    -6.569010734558107,
                    0.0
                ],
                [
                    0.0,
                    6.569010734558107,
                    -1.4586133933032442e-15,
                    0.0
                ],
                [
                    0.6273860391575459,
                    -48.32692203308368,
                    1.9275423798698852,
                    1.0
                ]
            ]
        ]
    ]
}