{
    "camera_properties": {
        "resolution": {
            "width": 1024,
            "height": 1024
        },
        "clipping_range": [
            1.0,
            1000000.0
        ],
        "horizontal_aperture": 20.954999923706055,
        "focal_length": 24.0,
        "tf_mat": [
            [
                0.9621727904148712,
                -0.18704866527588945,
                -0.1980815948132703,
                0.0
            ],
            [
                -2.7755575615628914e-17,
                0.7270651805875863,
                -0.6865684402717187,
                0.0
            ],
            [
                0.2724399408773617,
                0.6605974719870255,
                0.6995623336194502,
                -0.0
            ],
            [
                0.0,
                2.842170943040401e-14,
                -480.8619079589845,
                1.0
            ]
        ]
    },
    "asset_transforms": [
        [
            "Clock_payload.usd",
            [
                [
                    6.5690107345581055,
                    0.0,
                    0.0,
                    0.0
                ],
                [
                    0.0,
                    -1.4586133933032442e-15,
                    -6.569010734558107,
                    0.0
                ],
                [
                    0.0,
                    6.569010734558107,
                    -1.4586133933032442e-15,
                    0.0
                ],
                [
                    0.6273860391575459,
                    -48.32692203308368,
                    1.9275423798698852,
                    1.0
                ]
            ]
        ]
    ]
}