{
    "camera_properties": {
        "resolution": {
            "width": 1024,
            "height": 1024
        },
        "clipping_range": [
            1.0,
            1000000.0
        ],
        "horizontal_aperture": 20.954999923706055,
        "focal_length": 24.0,
        "tf_mat": [
            [
                -0.5320951495739706,
                -0.33344104515975737,
                -0.7782620517554619,
                0.0
            ],
            [
                0.0,
                0.9191877168503831,
                -0.3938196810614978,
                0.0
            ],
            [
                0.8466845645220259,
                -0.20954954209959106,
                -0.48909532568406117,
                0.0
            ],
            [
                -2.8421709430403976e-14,
                0.0,
                -499.52929687499994,
                1.0
            ]
        ]
    },
    "asset_transforms": [
        [
            "Clock_payload.usd",
            [
                [
                    6.5690107345581055,
                    0.0,
                    0.0,
                    0.0
                ],
                [
                    0.0,
                    -1.4586133933032442e-15,
                    -6.569010734558107,
                    0.0
                ],
                [
                    0.0,
                    6.569010734558107,
                    -1.4586133933032442e-15,
                    0.0
                ],
                [
                    0.6273860391575459,
                    -48.32692203308368,
                    1.9275423798698852,
                    1.0
                ]
            ]
        ]
    ]
}