{
    "camera_properties": {
        "resolution": {
            "width": 1024,
            "height": 1024
        },
        "clipping_range": [
            1.0,
            1000000.0
        ],
        "horizontal_aperture": 20.954999923706055,
        "focal_length": 24.0,
        "tf_mat": [
            [
                0.9480705201811447,
                -0.19039810903859122,
                -0.25477607587444795,
                0.0
            ],
            [
                0.0,
                0.8010309949790307,
                -0.5986228738386999,
                0.0
            ],
            [
                0.3180601967606977,
                0.567536699392588,
                0.7594338720909896,
                -0.0
            ],
            [
                1.8243445505508674e-14,
                0.0,
                -296.38317871093756,
                1.0
            ]
        ]
    },
    "asset_transforms": [
        [
            "Clock_payload.usd",
            [
                [
                    6.5690107345581055,
                    0.0,
                    0.0,
                    0.0
                ],
                [
                    0.0,
                    -1.4586133933032442e-15,
                    -6.569010734558107,
                    0.0
                ],
                [
                    0.0,
                    6.569010734558107,
                    -1.4586133933032442e-15,
                    0.0
                ],
                [
                    0.6273860391575459,
                    -48.32692203308368,
                    1.9275423798698852,
                    1.0
                ]
            ]
        ]
    ]
}