{
    "camera_properties": {
        "resolution": {
            "width": 1024,
            "height": 1024
        },
        "clipping_range": [
            1.0,
            1000000.0
        ],
        "horizontal_aperture": 20.954999923706055,
        "focal_length": 24.0,
        "tf_mat": [
            [
                -0.2936163293699732,
                -0.9358083556690246,
                -0.1950696608582169,
                0.0
            ],
            [
                -6.938893903907228e-18,
                0.2040641238156364,
                -0.978957523783007,
                0.0
            ],
            [
                0.9559233500272413,
                -0.2874379147422847,
                -0.05991655899084689,
                0.0
            ],
            [
                -2.6601238362136353e-16,
                -6.661338147750939e-15,
                -205.1863555908203,
                1.0
            ]
        ]
    },
    "asset_transforms": [
        [
            "Clock_payload.usd",
            [
                [
                    6.5690107345581055,
                    0.0,
                    0.0,
                    0.0
                ],
                [
                    0.0,
                    -1.4586133933032442e-15,
                    -6.569010734558107,
                    0.0
                ],
                [
                    0.0,
                    6.569010734558107,
                    -1.4586133933032442e-15,
                    0.0
                ],
                [
                    0.6273860391575459,
                    -48.32692203308368,
                    1.9275423798698852,
                    1.0
                ]
            ]
        ]
    ]
}