{
    "camera_properties": {
        "resolution": {
            "width": 1024,
            "height": 1024
        },
        "clipping_range": [
            1.0,
            1000000.0
        ],
        "horizontal_aperture": 20.954999923706055,
        "focal_length": 24.0,
        "tf_mat": [
            [
                -0.9528168331669307,
                -0.22114255508355207,
                -0.20793280829359248,
                0.0
            ],
            [
                0.0,
                0.6850128538784378,
                -0.7285309808246442,
                0.0
            ],
            [
                0.30354584898124,
                -0.6941565820133353,
                -0.6526917781110945,
                0.0
            ],
            [
                -9.864558336592712e-15,
                -2.8421709430404014e-14,
                -489.2976379394532,
                1.0
            ]
        ]
    },
    "asset_transforms": [
        [
            "Clock_payload.usd",
            [
                [
                    6.5690107345581055,
                    0.0,
                    0.0,
                    0.0
                ],
                [
                    0.0,
                    -1.4586133933032442e-15,
                    -6.569010734558107,
                    0.0
                ],
                [
                    0.0,
                    6.569010734558107,
                    -1.4586133933032442e-15,
                    0.0
                ],
                [
                    0.6273860391575459,
                    -48.32692203308368,
                    1.9275423798698852,
                    1.0
                ]
            ]
        ]
    ]
}