{
    "camera_properties": {
        "resolution": {
            "width": 1024,
            "height": 1024
        },
        "clipping_range": [
            1.0,
            1000000.0
        ],
        "horizontal_aperture": 20.954999923706055,
        "focal_length": 24.0,
        "tf_mat": [
            [
                -0.35242625918145143,
                -0.7753840840191726,
                -0.52399928825249,
                0.0
            ],
            [
                0.0,
                0.5599242602663485,
                -0.8285437965280908,
                0.0
            ],
            [
                0.9358395865955701,
                -0.2920005907783927,
                -0.19733201247061058,
                0.0
            ],
            [
                4.1495779723048925e-15,
                1.2434497875801739e-14,
                -251.39273071289065,
                1.0
            ]
        ]
    },
    "asset_transforms": [
        [
            "Clock_payload.usd",
            [
                [
                    6.5690107345581055,
                    0.0,
                    0.0,
                    0.0
                ],
                [
                    0.0,
                    -1.4586133933032442e-15,
                    -6.569010734558107,
                    0.0
                ],
                [
                    0.0,
                    6.569010734558107,
                    -1.4586133933032442e-15,
                    0.0
                ],
                [
                    0.6273860391575459,
                    -48.32692203308368,
                    1.9275423798698852,
                    1.0
                ]
            ]
        ]
    ]
}