{
    "camera_properties": {
        "resolution": {
            "width": 1024,
            "height": 1024
        },
        "clipping_range": [
            1.0,
            1000000.0
        ],
        "horizontal_aperture": 20.954999923706055,
        "focal_length": 24.0,
        "tf_mat": [
            [
                0.3135998078445131,
                -0.6289967282232666,
                -0.7113496161553124,
                0.0
            ],
            [
                0.0,
                0.749139790444469,
                -0.6624119370699902,
                0.0
            ],
            [
                0.9495552435324046,
                0.20773225617906066,
                0.23493009433206433,
                -0.0
            ],
            [
                1.4210854715202e-14,
                3.5527136788005e-15,
                -438.7326965332031,
                1.0
            ]
        ]
    },
    "asset_transforms": [
        [
            "Clock_payload.usd",
            [
                [
                    6.5690107345581055,
                    0.0,
                    0.0,
                    0.0
                ],
                [
                    0.0,
                    -1.4586133933032442e-15,
                    -6.569010734558107,
                    0.0
                ],
                [
                    0.0,
                    6.569010734558107,
                    -1.4586133933032442e-15,
                    0.0
                ],
                [
                    0.6273860391575459,
                    -48.32692203308368,
                    1.9275423798698852,
                    1.0
                ]
            ]
        ]
    ]
}