{
    "camera_properties": {
        "resolution": {
            "width": 1024,
            "height": 1024
        },
        "clipping_range": [
            1.0,
            1000000.0
        ],
        "horizontal_aperture": 20.954999923706055,
        "focal_length": 24.0,
        "tf_mat": [
            [
                -0.5822106445601071,
                0.7089726998967956,
                0.3979804972130563,
                0.0
            ],
            [
                2.7755575615628877e-17,
                0.48949803633138494,
                -0.8720043993167226,
                0.0
            ],
            [
                -0.8130379851894396,
                -0.507690243385438,
                -0.28499096724340234,
                0.0
            ],
            [
                -2.8640279293353994e-14,
                2.842170943040397e-14,
                -470.8818359375,
                1.0
            ]
        ]
    },
    "asset_transforms": [
        [
            "Clock_payload.usd",
            [
                [
                    6.5690107345581055,
                    0.0,
                    0.0,
                    0.0
                ],
                [
                    0.0,
                    -1.4586133933032442e-15,
                    -6.569010734558107,
                    0.0
                ],
                [
                    0.0,
                    6.569010734558107,
                    -1.4586133933032442e-15,
                    0.0
                ],
                [
                    0.6273860391575459,
                    -48.32692203308368,
                    1.9275423798698852,
                    1.0
                ]
            ]
        ]
    ]
}