{
    "camera_properties": {
        "resolution": {
            "width": 1024,
            "height": 1024
        },
        "clipping_range": [
            1.0,
            1000000.0
        ],
        "horizontal_aperture": 20.954999923706055,
        "focal_length": 24.0,
        "tf_mat": [
            [
                -0.5728988740666418,
                -0.7787381950044947,
                -0.2556437046639635,
                0.0
            ],
            [
                0.0,
                0.31190285031892295,
                -0.9501139994563452,
                0.0
            ],
            [
                0.8196260611359146,
                -0.544319240523494,
                -0.17868879176588723,
                0.0
            ],
            [
                0.0,
                3.552713678800501e-15,
                -221.98364257812503,
                1.0
            ]
        ]
    },
    "asset_transforms": [
        [
            "Clock_payload.usd",
            [
                [
                    6.5690107345581055,
                    0.0,
                    0.0,
                    0.0
                ],
                [
                    0.0,
                    -1.4586133933032442e-15,
                    -6.569010734558107,
                    0.0
                ],
                [
                    0.0,
                    6.569010734558107,
                    -1.4586133933032442e-15,
                    0.0
                ],
                [
                    0.6273860391575459,
                    -48.32692203308368,
                    1.9275423798698852,
                    1.0
                ]
            ]
        ]
    ]
}