{
    "camera_properties": {
        "resolution": {
            "width": 1024,
            "height": 1024
        },
        "clipping_range": [
            1.0,
            1000000.0
        ],
        "horizontal_aperture": 20.954999923706055,
        "focal_length": 24.0,
        "tf_mat": [
            [
                -0.8637811641140676,
                0.39105256109364656,
                -0.3177420258383293,
                0.0
            ],
            [
                2.77555756156289e-17,
                0.6306067552652687,
                0.7761025191389405,
                -0.0
            ],
            [
                0.5038671457058355,
                0.6703827374536944,
                -0.5447062371612288,
                0.0
            ],
            [
                -7.105427357600999e-15,
                -2.8421709430403995e-14,
                -229.9829559326172,
                1.0
            ]
        ]
    },
    "asset_transforms": [
        [
            "Clock_payload.usd",
            [
                [
                    6.5690107345581055,
                    0.0,
                    0.0,
                    0.0
                ],
                [
                    0.0,
                    -1.4586133933032442e-15,
                    -6.569010734558107,
                    0.0
                ],
                [
                    0.0,
                    6.569010734558107,
                    -1.4586133933032442e-15,
                    0.0
                ],
                [
                    0.6273860391575459,
                    -48.32692203308368,
                    1.9275423798698852,
                    1.0
                ]
            ]
        ]
    ]
}