{
    "camera_properties": {
        "resolution": {
            "width": 1024,
            "height": 1024
        },
        "clipping_range": [
            1.0,
            1000000.0
        ],
        "horizontal_aperture": 20.954999923706055,
        "focal_length": 24.0,
        "tf_mat": [
            [
                0.8475424795869514,
                0.3977407955150178,
                -0.3513886806353933,
                0.0
            ],
            [
                0.0,
                0.662088622584985,
                0.7494255505675775,
                -0.0
            ],
            [
                0.5307275622158714,
                -0.6351699893938609,
                0.5611482328919876,
                0.0
            ],
            [
                0.0,
                0.0,
                -233.91032409667966,
                0.9999999999999998
            ]
        ]
    },
    "asset_transforms": [
        [
            "Clock_payload.usd",
            [
                [
                    6.5690107345581055,
                    0.0,
                    0.0,
                    0.0
                ],
                [
                    0.0,
                    -1.4586133933032442e-15,
                    -6.569010734558107,
                    0.0
                ],
                [
                    0.0,
                    6.569010734558107,
                    -1.4586133933032442e-15,
                    0.0
                ],
                [
                    0.6273860391575459,
                    -48.32692203308368,
                    1.9275423798698852,
                    1.0
                ]
            ]
        ]
    ]
}