{
    "camera_properties": {
        "resolution": {
            "width": 1024,
            "height": 1024
        },
        "clipping_range": [
            1.0,
            1000000.0
        ],
        "horizontal_aperture": 20.954999923706055,
        "focal_length": 24.0,
        "tf_mat": [
            [
                -0.7483227475167102,
                0.16623834682812327,
                -0.6421665497305933,
                0.0
            ],
            [
                0.0,
                0.9680881259550023,
                0.2506100165295305,
                -0.0
            ],
            [
                0.6633348065261176,
                0.1875371761245864,
                -0.7244423662529503,
                0.0
            ],
            [
                0.0,
                7.105427357601e-15,
                -318.34921264648443,
                1.0
            ]
        ]
    },
    "asset_transforms": [
        [
            "Clock_payload.usd",
            [
                [
                    6.5690107345581055,
                    0.0,
                    0.0,
                    0.0
                ],
                [
                    0.0,
                    -1.4586133933032442e-15,
                    -6.569010734558107,
                    0.0
                ],
                [
                    0.0,
                    6.569010734558107,
                    -1.4586133933032442e-15,
                    0.0
                ],
                [
                    0.6273860391575459,
                    -48.32692203308368,
                    1.9275423798698852,
                    1.0
                ]
            ]
        ]
    ]
}