{
    "camera_properties": {
        "resolution": {
            "width": 1024,
            "height": 1024
        },
        "clipping_range": [
            1.0,
            1000000.0
        ],
        "horizontal_aperture": 20.954999923706055,
        "focal_length": 24.0,
        "tf_mat": [
            [
                -0.28311230434412066,
                0.5800731612455164,
                -0.7637817428634933,
                0.0
            ],
            [
                2.775557561562892e-17,
                0.7963635518692171,
                0.6048182315822209,
                -0.0
            ],
            [
                0.9590867651724542,
                0.17123148325257853,
                -0.2254603202653627,
                0.0
            ],
            [
                0.0,
                -1.776356839400251e-15,
                -225.6531677246094,
                1.0
            ]
        ]
    },
    "asset_transforms": [
        [
            "Clock_payload.usd",
            [
                [
                    6.5690107345581055,
                    0.0,
                    0.0,
                    0.0
                ],
                [
                    0.0,
                    -1.4586133933032442e-15,
                    -6.569010734558107,
                    0.0
                ],
                [
                    0.0,
                    6.569010734558107,
                    -1.4586133933032442e-15,
                    0.0
                ],
                [
                    0.6273860391575459,
                    -48.32692203308368,
                    1.9275423798698852,
                    1.0
                ]
            ]
        ]
    ]
}