{
    "camera_properties": {
        "resolution": {
            "width": 1024,
            "height": 1024
        },
        "clipping_range": [
            1.0,
            1000000.0
        ],
        "horizontal_aperture": 20.954999923706055,
        "focal_length": 24.0,
        "tf_mat": [
            [
                0.22628501316817362,
                -0.3027337277810541,
                0.9258225439463363,
                0.0
            ],
            [
                0.0,
                0.9504768351878803,
                0.3107954082209561,
                0.0
            ],
            [
                -0.9740611340236707,
                -0.07032834304188693,
                0.21507866316653348,
                0.0
            ],
            [
                -1.4210854715202e-14,
                -1.77635683940025e-15,
                -453.3377380371094,
                1.0
            ]
        ]
    },
    "asset_transforms": [
        [
            "Clock_payload.usd",
            [
                [
                    6.5690107345581055,
                    0.0,
                    0.0,
                    0.0
                ],
                [
                    0.0,
                    -1.4586133933032442e-15,
                    -6.569010734558107,
                    0.0
                ],
                [
                    0.0,
                    6.569010734558107,
                    -1.4586133933032442e-15,
                    0.0
                ],
                [
                    0.6273860391575459,
                    -48.32692203308368,
                    1.9275423798698852,
                    1.0
                ]
            ]
        ]
    ]
}