{
    "camera_properties": {
        "resolution": {
            "width": 1024,
            "height": 1024
        },
        "clipping_range": [
            1.0,
            1000000.0
        ],
        "horizontal_aperture": 20.954999923706055,
        "focal_length": 24.0,
        "tf_mat": [
            [
                -0.4773279646137529,
                -0.8473241022160534,
                -0.23280867681736328,
                0.0
            ],
            [
                2.775557561562892e-17,
                0.2649391086395161,
                -0.9642651444044313,
                0.0
            ],
            [
                0.8787252211002553,
                -0.4602707187265537,
                -0.12646284547348213,
                0.0
            ],
            [
                6.5408403134846605e-15,
                1.0658141036401506e-14,
                -310.18627929687506,
                1.0000000000000002
            ]
        ]
    },
    "asset_transforms": [
        [
            "Clock_payload.usd",
            [
                [
                    6.5690107345581055,
                    0.0,
                    0.0,
                    0.0
                ],
                [
                    0.0,
                    -1.4586133933032442e-15,
                    -6.569010734558107,
                    0.0
                ],
                [
                    0.0,
                    6.569010734558107,
                    -1.4586133933032442e-15,
                    0.0
                ],
                [
                    0.6273860391575459,
                    -48.32692203308368,
                    1.9275423798698852,
                    1.0
                ]
            ]
        ]
    ]
}