{
    "camera_properties": {
        "resolution": {
            "width": 1024,
            "height": 1024
        },
        "clipping_range": [
            1.0,
            1000000.0
        ],
        "horizontal_aperture": 20.954999923706055,
        "focal_length": 24.0,
        "tf_mat": [
            [
                0.3095189555751398,
                -0.8435374528175786,
                -0.4389106763724327,
                0.0
            ],
            [
                0.0,
                0.46157722318123157,
                -0.8871000321498719,
                0.0
            ],
            [
                0.9508932727386785,
                0.27457427544170127,
                0.142866900036328,
                -0.0
            ],
            [
                3.552713678800502e-15,
                -1.776356839400251e-15,
                -205.98687744140634,
                1.0
            ]
        ]
    },
    "asset_transforms": [
        [
            "Clock_payload.usd",
            [
                [
                    6.5690107345581055,
                    0.0,
                    0.0,
                    0.0
                ],
                [
                    0.0,
                    -1.4586133933032442e-15,
                    -6.569010734558107,
                    0.0
                ],
                [
                    0.0,
                    6.569010734558107,
                    -1.4586133933032442e-15,
                    0.0
                ],
                [
                    0.6273860391575459,
                    -48.32692203308368,
                    1.9275423798698852,
                    1.0
                ]
            ]
        ]
    ]
}