{
    "camera_properties": {
        "resolution": {
            "width": 1024,
            "height": 1024
        },
        "clipping_range": [
            1.0,
            1000000.0
        ],
        "horizontal_aperture": 20.954999923706055,
        "focal_length": 24.0,
        "tf_mat": [
            [
                0.8487971904282755,
                -0.5241762795217209,
                -0.06915603739249825,
                0.0
            ],
            [
                6.938893903907225e-18,
                0.13079933430269658,
                -0.9914088632577231,
                0.0
            ],
            [
                0.5287185730812433,
                0.8415050576988458,
                0.1110221074660176,
                -0.0
            ],
            [
                3.5527136788004994e-15,
                7.105427357600999e-15,
                -404.6515197753907,
                1.0
            ]
        ]
    },
    "asset_transforms": [
        [
            "Clock_payload.usd",
            [
                [
                    6.5690107345581055,
                    0.0,
                    0.0,
                    0.0
                ],
                [
                    0.0,
                    -1.4586133933032442e-15,
                    -6.569010734558107,
                    0.0
                ],
                [
                    0.0,
                    6.569010734558107,
                    -1.4586133933032442e-15,
                    0.0
                ],
                [
                    0.6273860391575459,
                    -48.32692203308368,
                    1.9275423798698852,
                    1.0
                ]
            ]
        ]
    ]
}