{
    "camera_properties": {
        "resolution": {
            "width": 1024,
            "height": 1024
        },
        "clipping_range": [
            1.0,
            1000000.0
        ],
        "horizontal_aperture": 20.954999923706055,
        "focal_length": 24.0,
        "tf_mat": [
            [
                0.9597937840116615,
                -0.04766427997508697,
                0.2766297319288595,
                0.0
            ],
            [
                -6.938893903907228e-18,
                0.985478303666974,
                0.1698013928142626,
                0.0
            ],
            [
                -0.28070606009236093,
                -0.16297432133965165,
                0.9458559501379181,
                0.0
            ],
            [
                -1.4210854715202004e-14,
                0.0,
                -456.741455078125,
                1.0
            ]
        ]
    },
    "asset_transforms": [
        [
            "Clock_payload.usd",
            [
                [
                    6.5690107345581055,
                    0.0,
                    0.0,
                    0.0
                ],
                [
                    0.0,
                    -1.4586133933032442e-15,
                    -6.569010734558107,
                    0.0
                ],
                [
                    0.0,
                    6.569010734558107,
                    -1.4586133933032442e-15,
                    0.0
                ],
                [
                    0.6273860391575459,
                    -48.32692203308368,
                    1.9275423798698852,
                    1.0
                ]
            ]
        ]
    ]
}