{
    "camera_properties": {
        "resolution": {
            "width": 1024,
            "height": 1024
        },
        "clipping_range": [
            1.0,
            1000000.0
        ],
        "horizontal_aperture": 20.954999923706055,
        "focal_length": 24.0,
        "tf_mat": [
            [
                -0.6255383278879598,
                -0.5335762508749045,
                0.5692083843773003,
                0.0
            ],
            [
                2.7755575615628914e-17,
                0.7295734068239396,
                0.6839025106367944,
                0.0
            ],
            [
                -0.7801934377724126,
                0.427807232942118,
                -0.45637612897616936,
                0.0
            ],
            [
                -6.079506433453019e-15,
                -1.4210854715202004e-14,
                -271.00265502929693,
                1.0
            ]
        ]
    },
    "asset_transforms": [
        [
            "Clock_payload.usd",
            [
                [
                    6.5690107345581055,
                    0.0,
                    0.0,
                    0.0
                ],
                [
                    0.0,
                    -1.4586133933032442e-15,
                    -6.569010734558107,
                    0.0
                ],
                [
                    0.0,
                    6.569010734558107,
                    -1.4586133933032442e-15,
                    0.0
                ],
                [
                    0.6273860391575459,
                    -48.32692203308368,
                    1.9275423798698852,
                    1.0
                ]
            ]
        ]
    ]
}