{
    "camera_properties": {
        "resolution": {
            "width": 1024,
            "height": 1024
        },
        "clipping_range": [
            1.0,
            1000000.0
        ],
        "horizontal_aperture": 20.954999923706055,
        "focal_length": 24.0,
        "tf_mat": [
            [
                -0.027423525487312958,
                -0.6517046555237314,
                0.7579769074441127,
                0.0
            ],
            [
                1.7347234759768063e-18,
                0.7582620864777458,
                0.6519498509934761,
                0.0
            ],
            [
                -0.9996239044009734,
                0.01787876335516948,
                -0.020794219654585562,
                0.0
            ],
            [
                -2.54072508527791e-16,
                -1.4224732503009812e-14,
                -219.18969726562503,
                1.0000000000000002
            ]
        ]
    },
    "asset_transforms": [
        [
            "Clock_payload.usd",
            [
                [
                    6.5690107345581055,
                    0.0,
                    0.0,
                    0.0
                ],
                [
                    0.0,
                    -1.4586133933032442e-15,
                    -6.569010734558107,
                    0.0
                ],
                [
                    0.0,
                    6.569010734558107,
                    -1.4586133933032442e-15,
                    0.0
                ],
                [
                    0.6273860391575459,
                    -48.32692203308368,
                    1.9275423798698852,
                    1.0
                ]
            ]
        ]
    ]
}