{
    "camera_properties": {
        "resolution": {
            "width": 1024,
            "height": 1024
        },
        "clipping_range": [
            1.0,
            1000000.0
        ],
        "horizontal_aperture": 20.954999923706055,
        "focal_length": 24.0,
        "tf_mat": [
            [
                0.12625497655710544,
                0.838425760956985,
                0.53019046036143,
                -0.0
            ],
            [
                6.938893903907225e-18,
                0.5344673627835699,
                -0.845189113819609,
                0.0
            ],
            [
                -0.9919978230291457,
                0.10670933175161545,
                0.06747916435877759,
                0.0
            ],
            [
                0.0,
                -2.220446049250312e-16,
                -268.7861328125,
                1.0
            ]
        ]
    },
    "asset_transforms": [
        [
            "Clock_payload.usd",
            [
                [
                    6.5690107345581055,
                    0.0,
                    0.0,
                    0.0
                ],
                [
                    0.0,
                    -1.4586133933032442e-15,
                    -6.569010734558107,
                    0.0
                ],
                [
                    0.0,
                    6.569010734558107,
                    -1.4586133933032442e-15,
                    0.0
                ],
                [
                    0.6273860391575459,
                    -48.32692203308368,
                    1.9275423798698852,
                    1.0
                ]
            ]
        ]
    ]
}