{
    "camera_properties": {
        "resolution": {
            "width": 1024,
            "height": 1024
        },
        "clipping_range": [
            1.0,
            1000000.0
        ],
        "horizontal_aperture": 20.954999923706055,
        "focal_length": 24.0,
        "tf_mat": [
            [
                -0.6973769607926494,
                -0.5093876430467486,
                0.5041721964437207,
                0.0
            ],
            [
                2.7755575615628914e-17,
                0.7034589285296768,
                0.7107359114832168,
                0.0
            ],
            [
                -0.7167045238838718,
                0.49565084987635927,
                -0.4905760496204796,
                0.0
            ],
            [
                -7.0436222170593406e-15,
                -7.105427357601002e-15,
                -254.2532806396484,
                0.9999999999999999
            ]
        ]
    },
    "asset_transforms": [
        [
            "Clock_payload.usd",
            [
                [
                    6.5690107345581055,
                    0.0,
                    0.0,
                    0.0
                ],
                [
                    0.0,
                    -1.4586133933032442e-15,
                    -6.569010734558107,
                    0.0
                ],
                [
                    0.0,
                    6.569010734558107,
                    -1.4586133933032442e-15,
                    0.0
                ],
                [
                    0.6273860391575459,
                    -48.32692203308368,
                    1.9275423798698852,
                    1.0
                ]
            ]
        ]
    ]
}