{
    "camera_properties": {
        "resolution": {
            "width": 1024,
            "height": 1024
        },
        "clipping_range": [
            1.0,
            1000000.0
        ],
        "horizontal_aperture": 20.954999923706055,
        "focal_length": 24.0,
        "tf_mat": [
            [
                -0.9463945640588408,
                0.3228079391837027,
                0.01150493458684274,
                0.0
            ],
            [
                -1.7347234759768067e-18,
                0.0356175707905011,
                -0.9993654930259418,
                0.0
            ],
            [
                -0.32301289311709624,
                -0.9457940701077346,
                -0.03370827538111119,
                0.0
            ],
            [
                0.0,
                0.0,
                -279.4321899414063,
                1.0000000000000002
            ]
        ]
    },
    "asset_transforms": [
        [
            "Clock_payload.usd",
            [
                [
                    6.5690107345581055,
                    0.0,
                    0.0,
                    0.0
                ],
                [
                    0.0,
                    -1.4586133933032442e-15,
                    -6.569010734558107,
                    0.0
                ],
                [
                    0.0,
                    6.569010734558107,
                    -1.4586133933032442e-15,
                    0.0
                ],
                [
                    0.6273860391575459,
                    -48.32692203308368,
                    1.9275423798698852,
                    1.0
                ]
            ]
        ]
    ]
}