{
    "camera_properties": {
        "resolution": {
            "width": 1024,
            "height": 1024
        },
        "clipping_range": [
            1.0,
            1000000.0
        ],
        "horizontal_aperture": 20.954999923706055,
        "focal_length": 24.0,
        "tf_mat": [
            [
                0.484938364462158,
                -0.7361670499667354,
                0.4721153007645918,
                0.0
            ],
            [
                2.7755575615628907e-17,
                0.5398390051289871,
                0.8417682867282095,
                0.0
            ],
            [
                -0.8745483306671888,
                -0.4082057362220908,
                0.2617886442201296,
                0.0
            ],
            [
                0.0,
                -7.105427357601e-15,
                -474.686309814453,
                0.9999999999999998
            ]
        ]
    },
    "asset_transforms": [
        [
            "Clock_payload.usd",
            [
                [
                    6.5690107345581055,
                    0.0,
                    0.0,
                    0.0
                ],
                [
                    0.0,
                    -1.4586133933032442e-15,
                    -6.569010734558107,
                    0.0
                ],
                [
                    0.0,
                    6.569010734558107,
                    -1.4586133933032442e-15,
                    0.0
                ],
                [
                    0.6273860391575459,
                    -48.32692203308368,
                    1.9275423798698852,
                    1.0
                ]
            ]
        ]
    ]
}