{
    "camera_properties": {
        "resolution": {
            "width": 1024,
            "height": 1024
        },
        "clipping_range": [
            1.0,
            1000000.0
        ],
        "horizontal_aperture": 20.954999923706055,
        "focal_length": 24.0,
        "tf_mat": [
            [
                0.9940732581130298,
                -0.08144005858656017,
                -0.07201301522616353,
                0.0
            ],
            [
                0.0,
                0.6624184709316018,
                -0.7491340129567198,
                0.0
            ],
            [
                0.10871226933766959,
                0.744694089023175,
                0.6584924876332285,
                -0.0
            ],
            [
                9.070288022059897e-16,
                2.8421709430404014e-14,
                -341.2225036621094,
                1.0
            ]
        ]
    },
    "asset_transforms": [
        [
            "Clock_payload.usd",
            [
                [
                    6.5690107345581055,
                    0.0,
                    0.0,
                    0.0
                ],
                [
                    0.0,
                    -1.4586133933032442e-15,
                    -6.569010734558107,
                    0.0
                ],
                [
                    0.0,
                    6.569010734558107,
                    -1.4586133933032442e-15,
                    0.0
                ],
                [
                    0.6273860391575459,
                    -48.32692203308368,
                    1.9275423798698852,
                    1.0
                ]
            ]
        ]
    ]
}