{
    "camera_properties": {
        "resolution": {
            "width": 1024,
            "height": 1024
        },
        "clipping_range": [
            1.0,
            1000000.0
        ],
        "horizontal_aperture": 20.954999923706055,
        "focal_length": 24.0,
        "tf_mat": [
            [
                0.5694183954210291,
                0.4630584917434872,
                0.679219790774965,
                -0.0
            ],
            [
                -2.7755575615628914e-17,
                0.826253336812683,
                -0.5632986982107334,
                0.0
            ],
            [
                -0.8220478641515592,
                0.3207526408779104,
                0.47048384925914916,
                0.0
            ],
            [
                -4.558169179033348e-15,
                -1.4210854715202004e-14,
                -263.79681396484375,
                0.9999999999999999
            ]
        ]
    },
    "asset_transforms": [
        [
            "Clock_payload.usd",
            [
                [
                    6.5690107345581055,
                    0.0,
                    0.0,
                    0.0
                ],
                [
                    0.0,
                    -1.4586133933032442e-15,
                    -6.569010734558107,
                    0.0
                ],
                [
                    0.0,
                    6.569010734558107,
                    -1.4586133933032442e-15,
                    0.0
                ],
                [
                    0.6273860391575459,
                    -48.32692203308368,
                    1.9275423798698852,
                    1.0
                ]
            ]
        ]
    ]
}