{
    "camera_properties": {
        "resolution": {
            "width": 1024,
            "height": 1024
        },
        "clipping_range": [
            1.0,
            1000000.0
        ],
        "horizontal_aperture": 20.954999923706055,
        "focal_length": 24.0,
        "tf_mat": [
            [
                -0.9950963832834225,
                0.058700910107802824,
                0.07960773284529292,
                0.0
            ],
            [
                -6.938893903907228e-18,
                0.8048502006751025,
                -0.5934780151557827,
                0.0
            ],
            [
                -0.09890999937444078,
                -0.5905678264397436,
                -0.8009035237767312,
                0.0
            ],
            [
                4.601772876426479e-15,
                0.0,
                -208.7040557861328,
                1.0
            ]
        ]
    },
    "asset_transforms": [
        [
            "Clock_payload.usd",
            [
                [
                    6.5690107345581055,
                    0.0,
                    0.0,
                    0.0
                ],
                [
                    0.0,
                    -1.4586133933032442e-15,
                    -6.569010734558107,
                    0.0
                ],
                [
                    0.0,
                    6.569010734558107,
                    -1.4586133933032442e-15,
                    0.0
                ],
                [
                    0.6273860391575459,
                    -48.32692203308368,
                    1.9275423798698852,
                    1.0
                ]
            ]
        ]
    ]
}