{
    "camera_properties": {
        "resolution": {
            "width": 1024,
            "height": 1024
        },
        "clipping_range": [
            1.0,
            1000000.0
        ],
        "horizontal_aperture": 20.954999923706055,
        "focal_length": 24.0,
        "tf_mat": [
            [
                -0.7361220710665498,
                -0.6734986878597041,
                -0.06725930374268098,
                0.0
            ],
            [
                0.0,
                0.09937123898000856,
                -0.9950504293067655,
                0.0
            ],
            [
                0.6768487988381846,
                -0.7324785828369557,
                -0.07314936224241296,
                0.0
            ],
            [
                -9.504269981272421e-16,
                1.77635683940025e-15,
                -282.6623840332032,
                1.0
            ]
        ]
    },
    "asset_transforms": [
        [
            "Clock_payload.usd",
            [
                [
                    6.5690107345581055,
                    0.0,
                    0.0,
                    0.0
                ],
                [
                    0.0,
                    -1.4586133933032442e-15,
                    -6.569010734558107,
                    0.0
                ],
                [
                    0.0,
                    6.569010734558107,
                    -1.4586133933032442e-15,
                    0.0
                ],
                [
                    0.6273860391575459,
                    -48.32692203308368,
                    1.9275423798698852,
                    1.0
                ]
            ]
        ]
    ]
}