{
    "camera_properties": {
        "resolution": {
            "width": 1024,
            "height": 1024
        },
        "clipping_range": [
            1.0,
            1000000.0
        ],
        "horizontal_aperture": 20.954999923706055,
        "focal_length": 24.0,
        "tf_mat": [
            [
                0.9096061372018797,
                0.10059619457156402,
                0.40310926657966484,
                -0.0
            ],
            [
                -1.3877787807814457e-17,
                0.9702449882760376,
                -0.2421253037690024,
                0.0
            ],
            [
                -0.41547162979519464,
                0.22023866228015399,
                0.8825407959252496,
                0.0
            ],
            [
                2.842170943040401e-14,
                0.0,
                -396.43527221679693,
                1.0
            ]
        ]
    },
    "asset_transforms": [
        [
            "Clock_payload.usd",
            [
                [
                    6.5690107345581055,
                    0.0,
                    0.0,
                    0.0
                ],
                [
                    0.0,
                    -1.4586133933032442e-15,
                    -6.569010734558107,
                    0.0
                ],
                [
                    0.0,
                    6.569010734558107,
                    -1.4586133933032442e-15,
                    0.0
                ],
                [
                    0.6273860391575459,
                    -48.32692203308368,
                    1.9275423798698852,
                    1.0
                ]
            ]
        ]
    ]
}