{
    "camera_properties": {
        "resolution": {
            "width": 1024,
            "height": 1024
        },
        "clipping_range": [
            1.0,
            1000000.0
        ],
        "horizontal_aperture": 20.954999923706055,
        "focal_length": 24.0,
        "tf_mat": [
            [
                0.6154642926265725,
                -0.41717415519850126,
                0.6687072818028,
                0.0
            ],
            [
                0.0,
                0.8484358948103501,
                0.5292981507594378,
                0.0
            ],
            [
                -0.7881647698937531,
                -0.3257641119457103,
                0.5221819978384452,
                0.0
            ],
            [
                -4.629386466287291e-15,
                7.105427357601002e-15,
                -235.2847137451172,
                1.0
            ]
        ]
    },
    "asset_transforms": [
        [
            "Clock_payload.usd",
            [
                [
                    6.5690107345581055,
                    0.0,
                    0.0,
                    0.0
                ],
                [
                    0.0,
                    -1.4586133933032442e-15,
                    -6.569010734558107,
                    0.0
                ],
                [
                    0.0,
                    6.569010734558107,
                    -1.4586133933032442e-15,
                    0.0
                ],
                [
                    0.6273860391575459,
                    -48.32692203308368,
                    1.9275423798698852,
                    1.0
                ]
            ]
        ]
    ]
}