{
    "camera_properties": {
        "resolution": {
            "width": 1024,
            "height": 1024
        },
        "clipping_range": [
            1.0,
            1000000.0
        ],
        "horizontal_aperture": 20.954999923706055,
        "focal_length": 24.0,
        "tf_mat": [
            [
                0.9609266121657682,
                -0.2641267795539528,
                0.08280755010309504,
                0.0
            ],
            [
                0.0,
                0.29915669854724314,
                0.9542039979555282,
                0.0
            ],
            [
                -0.2768032623211276,
                -0.9169200150704374,
                0.28746763284169835,
                0.0
            ],
            [
                0.0,
                0.0,
                -365.5390319824219,
                0.9999999999999998
            ]
        ]
    },
    "asset_transforms": [
        [
            "Clock_payload.usd",
            [
                [
                    6.5690107345581055,
                    0.0,
                    0.0,
                    0.0
                ],
                [
                    0.0,
                    -1.4586133933032442e-15,
                    -6.569010734558107,
                    0.0
                ],
                [
                    0.0,
                    6.569010734558107,
                    -1.4586133933032442e-15,
                    0.0
                ],
                [
                    0.6273860391575459,
                    -48.32692203308368,
                    1.9275423798698852,
                    1.0
                ]
            ]
        ]
    ]
}