{
    "camera_properties": {
        "resolution": {
            "width": 1024,
            "height": 1024
        },
        "clipping_range": [
            1.0,
            1000000.0
        ],
        "horizontal_aperture": 20.954999923706055,
        "focal_length": 24.0,
        "tf_mat": [
            [
                -0.9886556667356732,
                -0.07304590623361693,
                -0.13124125957164245,
                0.0
            ],
            [
                0.0,
                0.8737779995188293,
                -0.4863250019861952,
                0.0
            ],
            [
                0.15019977573698834,
                -0.4808079690888894,
                -0.8638655706932509,
                0.0
            ],
            [
                1.7081730486583858e-15,
                0.0,
                -382.40478515625,
                1.0
            ]
        ]
    },
    "asset_transforms": [
        [
            "Clock_payload.usd",
            [
                [
                    6.5690107345581055,
                    0.0,
                    0.0,
                    0.0
                ],
                [
                    0.0,
                    -1.4586133933032442e-15,
                    -6.569010734558107,
                    0.0
                ],
                [
                    0.0,
                    6.569010734558107,
                    -1.4586133933032442e-15,
                    0.0
                ],
                [
                    0.6273860391575459,
                    -48.32692203308368,
                    1.9275423798698852,
                    1.0
                ]
            ]
        ]
    ]
}