{
    "camera_properties": {
        "resolution": {
            "width": 1024,
            "height": 1024
        },
        "clipping_range": [
            1.0,
            1000000.0
        ],
        "horizontal_aperture": 20.954999923706055,
        "focal_length": 24.0,
        "tf_mat": [
            [
                -0.9999613936850578,
                0.0011501399086227967,
                0.008711390108694254,
                0.0
            ],
            [
                -2.1684043449710055e-19,
                0.9913967291532637,
                -0.13089127329279773,
                0.0
            ],
            [
                -0.008786986937242081,
                -0.13088622006307782,
                -0.9913584549789055,
                0.0
            ],
            [
                -4.368235650940527e-16,
                0.0,
                -333.537841796875,
                1.0
            ]
        ]
    },
    "asset_transforms": [
        [
            "Clock_payload.usd",
            [
                [
                    6.5690107345581055,
                    0.0,
                    0.0,
                    0.0
                ],
                [
                    0.0,
                    -1.4586133933032442e-15,
                    -6.569010734558107,
                    0.0
                ],
                [
                    0.0,
                    6.569010734558107,
                    -1.4586133933032442e-15,
                    0.0
                ],
                [
                    0.6273860391575459,
                    -48.32692203308368,
                    1.9275423798698852,
                    1.0
                ]
            ]
        ]
    ]
}