{
    "camera_properties": {
        "resolution": {
            "width": 1024,
            "height": 1024
        },
        "clipping_range": [
            1.0,
            1000000.0
        ],
        "horizontal_aperture": 20.954999923706055,
        "focal_length": 24.0,
        "tf_mat": [
            [
                0.23199442314741955,
                -0.4274447714789726,
                -0.8737674490182068,
                0.0
            ],
            [
                0.0,
                0.8982749811905543,
                -0.4394337927004582,
                0.0
            ],
            [
                0.972717115932734,
                0.10194618924902554,
                0.20839478608906178,
                -0.0
            ],
            [
                0.0,
                -1.77635683940025e-15,
                -421.1107177734375,
                1.0
            ]
        ]
    },
    "asset_transforms": [
        [
            "Clock_payload.usd",
            [
                [
                    6.5690107345581055,
                    0.0,
                    0.0,
                    0.0
                ],
                [
                    0.0,
                    -1.4586133933032442e-15,
                    -6.569010734558107,
                    0.0
                ],
                [
                    0.0,
                    6.569010734558107,
                    -1.4586133933032442e-15,
                    0.0
                ],
                [
                    0.6273860391575459,
                    -48.32692203308368,
                    1.9275423798698852,
                    1.0
                ]
            ]
        ]
    ]
}