{
    "camera_properties": {
        "resolution": {
            "width": 1024,
            "height": 1024
        },
        "clipping_range": [
            1.0,
            1000000.0
        ],
        "horizontal_aperture": 20.954999923706055,
        "focal_length": 24.0,
        "tf_mat": [
            [
                -0.6234333444081045,
                0.43720270129157307,
                0.6482165248306134,
                0.0
            ],
            [
                0.0,
                0.8290523155526416,
                -0.5591710454564001,
                0.0
            ],
            [
                -0.7818765024478773,
                -0.3486058749650596,
                -0.5168588577742664,
                0.0
            ],
            [
                1.8513734546415327e-14,
                4.2632564145606e-14,
                -430.3019714355469,
                1.0
            ]
        ]
    },
    "asset_transforms": [
        [
            "Clock_payload.usd",
            [
                [
                    6.5690107345581055,
                    0.0,
                    0.0,
                    0.0
                ],
                [
                    0.0,
                    -1.4586133933032442e-15,
                    -6.569010734558107,
                    0.0
                ],
                [
                    0.0,
                    6.569010734558107,
                    -1.4586133933032442e-15,
                    0.0
                ],
                [
                    0.6273860391575459,
                    -48.32692203308368,
                    1.9275423798698852,
                    1.0
                ]
            ]
        ]
    ]
}