{
    "camera_properties": {
        "resolution": {
            "width": 1024,
            "height": 1024
        },
        "clipping_range": [
            1.0,
            1000000.0
        ],
        "horizontal_aperture": 20.954999923706055,
        "focal_length": 24.0,
        "tf_mat": [
            [
                -0.7362518416649175,
                0.6027053978487487,
                0.30770022594889185,
                0.0
            ],
            [
                0.0,
                0.4547018671513241,
                -0.8906437065454961,
                0.0
            ],
            [
                -0.6767076367568328,
                -0.6557380692113897,
                -0.33477508709863896,
                0.0
            ],
            [
                -7.105427357601002e-15,
                0.0,
                -235.46676635742188,
                1.0
            ]
        ]
    },
    "asset_transforms": [
        [
            "Clock_payload.usd",
            [
                [
                    6.5690107345581055,
                    0.0,
                    0.0,
                    0.0
                ],
                [
                    0.0,
                    -1.4586133933032442e-15,
                    -6.569010734558107,
                    0.0
                ],
                [
                    0.0,
                    6.569010734558107,
                    -1.4586133933032442e-15,
                    0.0
                ],
                [
                    0.6273860391575459,
                    -48.32692203308368,
                    1.9275423798698852,
                    1.0
                ]
            ]
        ]
    ]
}