{
    "camera_properties": {
        "resolution": {
            "width": 1024,
            "height": 1024
        },
        "clipping_range": [
            1.0,
            1000000.0
        ],
        "horizontal_aperture": 20.954999923706055,
        "focal_length": 24.0,
        "tf_mat": [
            [
                0.9972541469660643,
                0.02091751274210576,
                0.07103959473189322,
                -0.0
            ],
            [
                -3.469446951953615e-18,
                0.9592795031041614,
                -0.28245855434777223,
                0.0
            ],
            [
                -0.07405515754481783,
                0.2816829646693553,
                0.9566454625701705,
                0.0
            ],
            [
                0.0,
                1.4210854715202007e-14,
                -457.4586181640626,
                1.0000000000000002
            ]
        ]
    },
    "asset_transforms": [
        [
            "Clock_payload.usd",
            [
                [
                    6.5690107345581055,
                    0.0,
                    0.0,
                    0.0
                ],
                [
                    0.0,
                    -1.4586133933032442e-15,
                    -6.569010734558107,
                    0.0
                ],
                [
                    0.0,
                    6.569010734558107,
                    -1.4586133933032442e-15,
                    0.0
                ],
                [
                    0.6273860391575459,
                    -48.32692203308368,
                    1.9275423798698852,
                    1.0
                ]
            ]
        ]
    ]
}