{
    "camera_properties": {
        "resolution": {
            "width": 1024,
            "height": 1024
        },
        "clipping_range": [
            1.0,
            1000000.0
        ],
        "horizontal_aperture": 20.954999923706055,
        "focal_length": 24.0,
        "tf_mat": [
            [
                0.9684789890331047,
                -0.11682654885479646,
                -0.2200000120093029,
                0.0
            ],
            [
                0.0,
                0.8831963054789556,
                -0.4690035031727628,
                0.0
            ],
            [
                0.2490952584884256,
                0.4542200386057418,
                0.8553570650480319,
                -0.0
            ],
            [
                -1.4210854715202004e-14,
                -1.4210854715202004e-14,
                -273.35751342773443,
                1.0000000000000002
            ]
        ]
    },
    "asset_transforms": [
        [
            "Clock_payload.usd",
            [
                [
                    6.5690107345581055,
                    0.0,
                    0.0,
                    0.0
                ],
                [
                    0.0,
                    -1.4586133933032442e-15,
                    -6.569010734558107,
                    0.0
                ],
                [
                    0.0,
                    6.569010734558107,
                    -1.4586133933032442e-15,
                    0.0
                ],
                [
                    0.6273860391575459,
                    -48.32692203308368,
                    1.9275423798698852,
                    1.0
                ]
            ]
        ]
    ]
}