{
    "camera_properties": {
        "resolution": {
            "width": 1024,
            "height": 1024
        },
        "clipping_range": [
            1.0,
            1000000.0
        ],
        "horizontal_aperture": 20.954999923706055,
        "focal_length": 24.0,
        "tf_mat": [
            [
                -0.6455223294871706,
                0.7068519929876951,
                0.28924242797829713,
                0.0
            ],
            [
                -2.7755575615628914e-17,
                0.3787177557158603,
                -0.9255122157516573,
                0.0
            ],
            [
                -0.7637413974202636,
                -0.5974388014808426,
                -0.24447076788785535,
                0.0
            ],
            [
                7.105427357601002e-15,
                0.0,
                -214.01559448242193,
                1.0000000000000002
            ]
        ]
    },
    "asset_transforms": [
        [
            "Clock_payload.usd",
            [
                [
                    6.5690107345581055,
                    0.0,
                    0.0,
                    0.0
                ],
                [
                    0.0,
                    -1.4586133933032442e-15,
                    -6.569010734558107,
                    0.0
                ],
                [
                    0.0,
                    6.569010734558107,
                    -1.4586133933032442e-15,
                    0.0
                ],
                [
                    0.6273860391575459,
                    -48.32692203308368,
                    1.9275423798698852,
                    1.0
                ]
            ]
        ]
    ]
}