{
    "camera_properties": {
        "resolution": {
            "width": 1024,
            "height": 1024
        },
        "clipping_range": [
            1.0,
            1000000.0
        ],
        "horizontal_aperture": 20.954999923706055,
        "focal_length": 24.0,
        "tf_mat": [
            [
                -0.8786382563552946,
                -0.0010851943270968956,
                0.4774867923013163,
                0.0
            ],
            [
                0.0,
                0.999997417379314,
                0.0022727152707645412,
                0.0
            ],
            [
                -0.47748802547176816,
                0.0019968945826966075,
                -0.8786359871659583,
                0.0
            ],
            [
                0.0,
                -1.1102230246251568e-16,
                -268.9869079589844,
                1.0
            ]
        ]
    },
    "asset_transforms": [
        [
            "Clock_payload.usd",
            [
                [
                    6.5690107345581055,
                    0.0,
                    0.0,
                    0.0
                ],
                [
                    0.0,
                    -1.4586133933032442e-15,
                    -6.569010734558107,
                    0.0
                ],
                [
                    0.0,
                    6.569010734558107,
                    -1.4586133933032442e-15,
                    0.0
                ],
                [
                    0.6273860391575459,
                    -48.32692203308368,
                    1.9275423798698852,
                    1.0
                ]
            ]
        ]
    ]
}