{
    "camera_properties": {
        "resolution": {
            "width": 1024,
            "height": 1024
        },
        "clipping_range": [
            1.0,
            1000000.0
        ],
        "horizontal_aperture": 20.954999923706055,
        "focal_length": 24.0,
        "tf_mat": [
            [
                -0.9636224105753283,
                0.19777163139214604,
                0.17977272221747406,
                0.0
            ],
            [
                0.0,
                0.6726324980542695,
                -0.7399767040666028,
                0.0
            ],
            [
                -0.2672673751825912,
                -0.7130581353422462,
                -0.6481637492063601,
                0.0
            ],
            [
                1.4210854715201978e-14,
                2.8421709430403957e-14,
                -410.44436645507807,
                1.0
            ]
        ]
    },
    "asset_transforms": [
        [
            "Clock_payload.usd",
            [
                [
                    6.5690107345581055,
                    0.0,
                    0.0,
                    0.0
                ],
                [
                    0.0,
                    -1.4586133933032442e-15,
                    -6.569010734558107,
                    0.0
                ],
                [
                    0.0,
                    6.569010734558107,
                    -1.4586133933032442e-15,
                    0.0
                ],
                [
                    0.6273860391575459,
                    -48.32692203308368,
                    1.9275423798698852,
                    1.0
                ]
            ]
        ]
    ]
}