{
    "camera_properties": {
        "resolution": {
            "width": 1024,
            "height": 1024
        },
        "clipping_range": [
            1.0,
            1000000.0
        ],
        "horizontal_aperture": 20.954999923706055,
        "focal_length": 24.0,
        "tf_mat": [
            [
                -0.9634968895434235,
                -0.20403674844068104,
                0.17332844292239538,
                0.0
            ],
            [
                -2.77555756156289e-17,
                0.6474254845467737,
                0.7621287568117182,
                0.0
            ],
            [
                -0.2677195245777712,
                0.7343086866196867,
                -0.6237924405719603,
                0.0
            ],
            [
                -5.217577030831583e-15,
                -1.4210854715201997e-14,
                -258.1693420410157,
                1.0
            ]
        ]
    },
    "asset_transforms": [
        [
            "Clock_payload.usd",
            [
                [
                    6.5690107345581055,
                    0.0,
                    0.0,
                    0.0
                ],
                [
                    0.0,
                    -1.4586133933032442e-15,
                    -6.569010734558107,
                    0.0
                ],
                [
                    0.0,
                    6.569010734558107,
                    -1.4586133933032442e-15,
                    0.0
                ],
                [
                    0.6273860391575459,
                    -48.32692203308368,
                    1.9275423798698852,
                    1.0
                ]
            ]
        ]
    ]
}