{
    "camera_properties": {
        "resolution": {
            "width": 1024,
            "height": 1024
        },
        "clipping_range": [
            1.0,
            1000000.0
        ],
        "horizontal_aperture": 20.954999923706055,
        "focal_length": 24.0,
        "tf_mat": [
            [
                0.33483881240612134,
                -0.9284244554385614,
                0.16096894188031752,
                0.0
            ],
            [
                0.0,
                0.1708300335875551,
                0.9853005123435565,
                0.0
            ],
            [
                -0.9422754213638698,
                -0.3299168534162593,
                0.05720052556975477,
                0.0
            ],
            [
                -2.3442002359975285e-15,
                7.993605777301127e-15,
                -324.7130126953126,
                1.0
            ]
        ]
    },
    "asset_transforms": [
        [
            "Clock_payload.usd",
            [
                [
                    6.5690107345581055,
                    0.0,
                    0.0,
                    0.0
                ],
                [
                    0.0,
                    -1.4586133933032442e-15,
                    -6.569010734558107,
                    0.0
                ],
                [
                    0.0,
                    6.569010734558107,
                    -1.4586133933032442e-15,
                    0.0
                ],
                [
                    0.6273860391575459,
                    -48.32692203308368,
                    1.9275423798698852,
                    1.0
                ]
            ]
        ]
    ]
}