{
    "camera_properties": {
        "resolution": {
            "width": 1024,
            "height": 1024
        },
        "clipping_range": [
            1.0,
            1000000.0
        ],
        "horizontal_aperture": 20.954999923706055,
        "focal_length": 24.0,
        "tf_mat": [
            [
                -0.9343958129776992,
                0.35104063558407494,
                0.060621257480128025,
                0.0
            ],
            [
                -6.938893903907219e-18,
                0.17017136796000062,
                -0.9854144841266652,
                0.0
            ],
            [
                -0.35623652913442677,
                -0.9207671680155355,
                -0.15900741371051197,
                0.0
            ],
            [
                -1.776356839400248e-15,
                0.0,
                -270.77703857421875,
                0.9999999999999998
            ]
        ]
    },
    "asset_transforms": [
        [
            "Clock_payload.usd",
            [
                [
                    6.5690107345581055,
                    0.0,
                    0.0,
                    0.0
                ],
                [
                    0.0,
                    -1.4586133933032442e-15,
                    -6.569010734558107,
                    0.0
                ],
                [
                    0.0,
                    6.569010734558107,
                    -1.4586133933032442e-15,
                    0.0
                ],
                [
                    0.6273860391575459,
                    -48.32692203308368,
                    1.9275423798698852,
                    1.0
                ]
            ]
        ]
    ]
}