{
    "camera_properties": {
        "resolution": {
            "width": 1024,
            "height": 1024
        },
        "clipping_range": [
            1.0,
            1000000.0
        ],
        "horizontal_aperture": 20.954999923706055,
        "focal_length": 24.0,
        "tf_mat": [
            [
                -0.6222209274047198,
                0.46406905480070726,
                0.6304609661794999,
                0.0
            ],
            [
                0.0,
                0.8053492439141076,
                -0.5928006370838137,
                0.0
            ],
            [
                -0.7828416937667604,
                -0.3688529621723992,
                -0.5011051534329258,
                0.0
            ],
            [
                -1.9452570571905867e-14,
                2.1316282072803e-14,
                -300.1958923339844,
                1.0
            ]
        ]
    },
    "asset_transforms": [
        [
            "Clock_payload.usd",
            [
                [
                    6.5690107345581055,
                    0.0,
                    0.0,
                    0.0
                ],
                [
                    0.0,
                    -1.4586133933032442e-15,
                    -6.569010734558107,
                    0.0
                ],
                [
                    0.0,
                    6.569010734558107,
                    -1.4586133933032442e-15,
                    0.0
                ],
                [
                    0.6273860391575459,
                    -48.32692203308368,
                    1.9275423798698852,
                    1.0
                ]
            ]
        ]
    ]
}