{
    "camera_properties": {
        "resolution": {
            "width": 1024,
            "height": 1024
        },
        "clipping_range": [
            1.0,
            1000000.0
        ],
        "horizontal_aperture": 20.954999923706055,
        "focal_length": 24.0,
        "tf_mat": [
            [
                0.9820941162523283,
                0.01606066951247955,
                0.1877050924119244,
                -0.0
            ],
            [
                0.0,
                0.9963594372507616,
                -0.08525181406483787,
                0.0
            ],
            [
                -0.1883909414556819,
                0.08372530499291476,
                0.9785187409964539,
                0.0
            ],
            [
                -1.4210854715202004e-14,
                0.0,
                -384.6726989746094,
                1.0
            ]
        ]
    },
    "asset_transforms": [
        [
            "Clock_payload.usd",
            [
                [
                    6.5690107345581055,
                    0.0,
                    0.0,
                    0.0
                ],
                [
                    0.0,
                    -1.4586133933032442e-15,
                    -6.569010734558107,
                    0.0
                ],
                [
                    0.0,
                    6.569010734558107,
                    -1.4586133933032442e-15,
                    0.0
                ],
                [
                    0.6273860391575459,
                    -48.32692203308368,
                    1.9275423798698852,
                    1.0
                ]
            ]
        ]
    ]
}