{
    "camera_properties": {
        "resolution": {
            "width": 1024,
            "height": 1024
        },
        "clipping_range": [
            1.0,
            1000000.0
        ],
        "horizontal_aperture": 20.954999923706055,
        "focal_length": 24.0,
        "tf_mat": [
            [
                -0.9999944279737779,
                -0.0031192421896883075,
                -0.0011892642929043822,
                0.0
            ],
            [
                0.0,
                0.35625208187615276,
                -0.9343898833778684,
                0.0
            ],
            [
                0.0033382662260983426,
                -0.9343846769329366,
                -0.35625009683021086,
                0.0
            ],
            [
                -1.0737992034065203e-16,
                2.842170943040399e-14,
                -406.6247863769531,
                1.0
            ]
        ]
    },
    "asset_transforms": [
        [
            "Clock_payload.usd",
            [
                [
                    6.5690107345581055,
                    0.0,
                    0.0,
                    0.0
                ],
                [
                    0.0,
                    -1.4586133933032442e-15,
                    -6.569010734558107,
                    0.0
                ],
                [
                    0.0,
                    6.569010734558107,
                    -1.4586133933032442e-15,
                    0.0
                ],
                [
                    0.6273860391575459,
                    -48.32692203308368,
                    1.9275423798698852,
                    1.0
                ]
            ]
        ]
    ]
}