{
    "camera_properties": {
        "resolution": {
            "width": 1024,
            "height": 1024
        },
        "clipping_range": [
            1.0,
            1000000.0
        ],
        "horizontal_aperture": 20.954999923706055,
        "focal_length": 24.0,
        "tf_mat": [
            [
                -0.867043193720193,
                0.23457085200798466,
                0.43955957003770946,
                0.0
            ],
            [
                0.0,
                0.8822370047222116,
                -0.4708055516864477,
                0.0
            ],
            [
                -0.4982329778562313,
                -0.40820874915541505,
                -0.7649375901924833,
                0.0
            ],
            [
                -2.842170943040401e-14,
                -1.4210854715202004e-14,
                -335.9156494140625,
                1.0
            ]
        ]
    },
    "asset_transforms": [
        [
            "Clock_payload.usd",
            [
                [
                    6.5690107345581055,
                    0.0,
                    0.0,
                    0.0
                ],
                [
                    0.0,
                    -1.4586133933032442e-15,
                    -6.569010734558107,
                    0.0
                ],
                [
                    0.0,
                    6.569010734558107,
                    -1.4586133933032442e-15,
                    0.0
                ],
                [
                    0.6273860391575459,
                    -48.32692203308368,
                    1.9275423798698852,
                    1.0
                ]
            ]
        ]
    ]
}