{
    "camera_properties": {
        "resolution": {
            "width": 1024,
            "height": 1024
        },
        "clipping_range": [
            1.0,
            1000000.0
        ],
        "horizontal_aperture": 20.954999923706055,
        "focal_length": 24.0,
        "tf_mat": [
            [
                -0.9666447663896042,
                -0.05467112503816949,
                0.2502178324953034,
                0.0
            ],
            [
                6.938893903907225e-18,
                0.9769521748049697,
                0.21345830539906324,
                0.0
            ],
            [
                -0.25612086133618023,
                0.2063383537563983,
                -0.9443657067881658,
                0.0
            ],
            [
                0.0,
                1.4210854715201997e-14,
                -485.73242187499994,
                0.9999999999999998
            ]
        ]
    },
    "asset_transforms": [
        [
            "Clock_payload.usd",
            [
                [
                    6.5690107345581055,
                    0.0,
                    0.0,
                    0.0
                ],
                [
                    0.0,
                    -1.4586133933032442e-15,
                    -6.569010734558107,
                    0.0
                ],
                [
                    0.0,
                    6.569010734558107,
                    -1.4586133933032442e-15,
                    0.0
                ],
                [
                    0.6273860391575459,
                    -48.32692203308368,
                    1.9275423798698852,
                    1.0
                ]
            ]
        ]
    ]
}