{
    "camera_properties": {
        "resolution": {
            "width": 1024,
            "height": 1024
        },
        "clipping_range": [
            1.0,
            1000000.0
        ],
        "horizontal_aperture": 20.954999923706055,
        "focal_length": 24.0,
        "tf_mat": [
            [
                -0.9243419565970259,
                -0.31519501451293247,
                0.21504429799595487,
                0.0
            ],
            [
                2.7755575615628877e-17,
                0.5635847773899442,
                0.8260582296026879,
                0.0
            ],
            [
                -0.38156512848317364,
                0.7635602802140238,
                -0.5209450558409203,
                0.0
            ],
            [
                -5.4254221042102115e-15,
                1.4210854715201985e-14,
                -304.79296875000006,
                1.0000000000000002
            ]
        ]
    },
    "asset_transforms": [
        [
            "Clock_payload.usd",
            [
                [
                    6.5690107345581055,
                    0.0,
                    0.0,
                    0.0
                ],
                [
                    0.0,
                    -1.4586133933032442e-15,
                    -6.569010734558107,
                    0.0
                ],
                [
                    0.0,
                    6.569010734558107,
                    -1.4586133933032442e-15,
                    0.0
                ],
                [
                    0.6273860391575459,
                    -48.32692203308368,
                    1.9275423798698852,
                    1.0
                ]
            ]
        ]
    ]
}