{
    "camera_properties": {
        "resolution": {
            "width": 1024,
            "height": 1024
        },
        "clipping_range": [
            1.0,
            1000000.0
        ],
        "horizontal_aperture": 20.954999923706055,
        "focal_length": 24.0,
        "tf_mat": [
            [
                0.9904728390860297,
                -0.12751771249258156,
                -0.051988345170043776,
                0.0
            ],
            [
                0.0,
                0.37752534711637664,
                -0.9259992506933575,
                0.0
            ],
            [
                0.1377082242745883,
                0.9171771068257859,
                0.3739286023852963,
                -0.0
            ],
            [
                0.0,
                0.0,
                -427.07348632812506,
                1.0000000000000002
            ]
        ]
    },
    "asset_transforms": [
        [
            "Clock_payload.usd",
            [
                [
                    6.5690107345581055,
                    0.0,
                    0.0,
                    0.0
                ],
                [
                    0.0,
                    -1.4586133933032442e-15,
                    -6.569010734558107,
                    0.0
                ],
                [
                    0.0,
                    6.569010734558107,
                    -1.4586133933032442e-15,
                    0.0
                ],
                [
                    0.6273860391575459,
                    -48.32692203308368,
                    1.9275423798698852,
                    1.0
                ]
            ]
        ]
    ]
}