{
    "camera_properties": {
        "resolution": {
            "width": 1024,
            "height": 1024
        },
        "clipping_range": [
            1.0,
            1000000.0
        ],
        "horizontal_aperture": 20.954999923706055,
        "focal_length": 24.0,
        "tf_mat": [
            [
                0.645752341798379,
                0.48300363654469763,
                -0.5913640166145613,
                0.0
            ],
            [
                0.0,
                0.7744959661468156,
                0.632578847593176,
                -0.0
            ],
            [
                0.7635469291811143,
                -0.40848927220541326,
                0.5001325838527042,
                0.0
            ],
            [
                2.842170943040401e-14,
                0.0,
                -350.66510009765625,
                1.0
            ]
        ]
    },
    "asset_transforms": [
        [
            "Clock_payload.usd",
            [
                [
                    6.5690107345581055,
                    0.0,
                    0.0,
                    0.0
                ],
                [
                    0.0,
                    -1.4586133933032442e-15,
                    -6.569010734558107,
                    0.0
                ],
                [
                    0.0,
                    6.569010734558107,
                    -1.4586133933032442e-15,
                    0.0
                ],
                [
                    0.6273860391575459,
                    -48.32692203308368,
                    1.9275423798698852,
                    1.0
                ]
            ]
        ]
    ]
}