{
    "camera_properties": {
        "resolution": {
            "width": 1024,
            "height": 1024
        },
        "clipping_range": [
            1.0,
            1000000.0
        ],
        "horizontal_aperture": 20.954999923706055,
        "focal_length": 24.0,
        "tf_mat": [
            [
                -0.6859141316495931,
                0.6541438201589621,
                -0.3187752602559114,
                0.0
            ],
            [
                -5.551115123125783e-17,
                0.43806916521095884,
                0.8989412697675937,
                -0.0
            ],
            [
                0.7276824884545352,
                0.6165965204566217,
                -0.30047783105813697,
                0.0
            ],
            [
                8.762363570108132e-15,
                -7.105427357601002e-15,
                -298.50640869140625,
                1.0
            ]
        ]
    },
    "asset_transforms": [
        [
            "Clock_payload.usd",
            [
                [
                    6.5690107345581055,
                    0.0,
                    0.0,
                    0.0
                ],
                [
                    0.0,
                    -1.4586133933032442e-15,
                    -6.569010734558107,
                    0.0
                ],
                [
                    0.0,
                    6.569010734558107,
                    -1.4586133933032442e-15,
                    0.0
                ],
                [
                    0.6273860391575459,
                    -48.32692203308368,
                    1.9275423798698852,
                    1.0
                ]
            ]
        ]
    ]
}