{
    "camera_properties": {
        "resolution": {
            "width": 1024,
            "height": 1024
        },
        "clipping_range": [
            1.0,
            1000000.0
        ],
        "horizontal_aperture": 20.954999923706055,
        "focal_length": 24.0,
        "tf_mat": [
            [
                -0.16670333602012613,
                0.9495335801676995,
                0.2656990363054997,
                0.0
            ],
            [
                0.0,
                0.26946969933835796,
                -0.963008868670738,
                0.0
            ],
            [
                -0.9860070982299063,
                -0.16053679102437957,
                -0.04492149783604465,
                0.0
            ],
            [
                1.271348665108296e-15,
                1.4210854715201997e-14,
                -486.50436401367176,
                0.9999999999999998
            ]
        ]
    },
    "asset_transforms": [
        [
            "Clock_payload.usd",
            [
                [
                    6.5690107345581055,
                    0.0,
                    0.0,
                    0.0
                ],
                [
                    0.0,
                    -1.4586133933032442e-15,
                    -6.569010734558107,
                    0.0
                ],
                [
                    0.0,
                    6.569010734558107,
                    -1.4586133933032442e-15,
                    0.0
                ],
                [
                    0.6273860391575459,
                    -48.32692203308368,
                    1.9275423798698852,
                    1.0
                ]
            ]
        ]
    ]
}