{
    "camera_properties": {
        "resolution": {
            "width": 1024,
            "height": 1024
        },
        "clipping_range": [
            1.0,
            1000000.0
        ],
        "horizontal_aperture": 20.954999923706055,
        "focal_length": 24.0,
        "tf_mat": [
            [
                -0.22563294008213028,
                -0.7458202763598439,
                -0.626771004211602,
                0.0
            ],
            [
                0.0,
                0.6433617680542467,
                -0.7655623001468358,
                0.0
            ],
            [
                0.9742123877009028,
                -0.17273607259816878,
                -0.14516360726251723,
                0.0
            ],
            [
                -1.4210854715202007e-14,
                0.0,
                -452.97906494140636,
                1.0
            ]
        ]
    },
    "asset_transforms": [
        [
            "Clock_payload.usd",
            [
                [
                    6.5690107345581055,
                    0.0,
                    0.0,
                    0.0
                ],
                [
                    0.0,
                    -1.4586133933032442e-15,
                    -6.569010734558107,
                    0.0
                ],
                [
                    0.0,
                    6.569010734558107,
                    -1.4586133933032442e-15,
                    0.0
                ],
                [
                    0.6273860391575459,
                    -48.32692203308368,
                    1.9275423798698852,
                    1.0
                ]
            ]
        ]
    ]
}