{
    "camera_properties": {
        "resolution": {
            "width": 1024,
            "height": 1024
        },
        "clipping_range": [
            1.0,
            1000000.0
        ],
        "horizontal_aperture": 20.954999923706055,
        "focal_length": 24.0,
        "tf_mat": [
            [
                -0.9996131622783174,
                0.027629541825171886,
                -0.0031834287288729592,
                0.0
            ],
            [
                -4.33680868994201e-19,
                0.11446105102594599,
                0.9934277365757589,
                -0.0
            ],
            [
                0.02781233179617877,
                0.9930434412534856,
                -0.11441677317374574,
                0.0
            ],
            [
                4.4408920985006183e-16,
                7.105427357600989e-15,
                -367.75531005859375,
                0.9999999999999998
            ]
        ]
    },
    "asset_transforms": [
        [
            "Clock_payload.usd",
            [
                [
                    6.5690107345581055,
                    0.0,
                    0.0,
                    0.0
                ],
                [
                    0.0,
                    -1.4586133933032442e-15,
                    -6.569010734558107,
                    0.0
                ],
                [
                    0.0,
                    6.569010734558107,
                    -1.4586133933032442e-15,
                    0.0
                ],
                [
                    0.6273860391575459,
                    -48.32692203308368,
                    1.9275423798698852,
                    1.0
                ]
            ]
        ]
    ]
}