{
    "camera_properties": {
        "resolution": {
            "width": 1024,
            "height": 1024
        },
        "clipping_range": [
            1.0,
            1000000.0
        ],
        "horizontal_aperture": 20.954999923706055,
        "focal_length": 24.0,
        "tf_mat": [
            [
                0.9055846115172186,
                0.004130064789087282,
                0.4241455575012496,
                -0.0
            ],
            [
                0.0,
                0.9999525951249739,
                -0.009736914440910861,
                0.0
            ],
            [
                -0.42416566502159025,
                0.00881759988134866,
                0.9055416823918843,
                0.0
            ],
            [
                -1.4210854715202e-14,
                2.2204460492503126e-16,
                -244.4081878662109,
                1.0
            ]
        ]
    },
    "asset_transforms": [
        [
            "Clock_payload.usd",
            [
                [
                    6.5690107345581055,
                    0.0,
                    0.0,
                    0.0
                ],
                [
                    0.0,
                    -1.4586133933032442e-15,
                    -6.569010734558107,
                    0.0
                ],
                [
                    0.0,
                    6.569010734558107,
                    -1.4586133933032442e-15,
                    0.0
                ],
                [
                    0.6273860391575459,
                    -48.32692203308368,
                    1.9275423798698852,
                    1.0
                ]
            ]
        ]
    ]
}