{
    "camera_properties": {
        "resolution": {
            "width": 1024,
            "height": 1024
        },
        "clipping_range": [
            1.0,
            1000000.0
        ],
        "horizontal_aperture": 20.954999923706055,
        "focal_length": 24.0,
        "tf_mat": [
            [
                -0.13732204154827918,
                -0.01853697121223672,
                0.9903529863656135,
                0.0
            ],
            [
                0.0,
                0.9998248728712024,
                0.018714261622723608,
                0.0
            ],
            [
                -0.990526454419574,
                0.002569880612101018,
                -0.13729799273342222,
                0.0
            ],
            [
                -7.107709870101875e-15,
                -8.743006318923106e-16,
                -299.91119384765625,
                1.0
            ]
        ]
    },
    "asset_transforms": [
        [
            "Clock_payload.usd",
            [
                [
                    6.5690107345581055,
                    0.0,
                    0.0,
                    0.0
                ],
                [
                    0.0,
                    -1.4586133933032442e-15,
                    -6.569010734558107,
                    0.0
                ],
                [
                    0.0,
                    6.569010734558107,
                    -1.4586133933032442e-15,
                    0.0
                ],
                [
                    0.6273860391575459,
                    -48.32692203308368,
                    1.9275423798698852,
                    1.0
                ]
            ]
        ]
    ]
}