{
    "camera_properties": {
        "resolution": {
            "width": 1024,
            "height": 1024
        },
        "clipping_range": [
            1.0,
            1000000.0
        ],
        "horizontal_aperture": 20.954999923706055,
        "focal_length": 24.0,
        "tf_mat": [
            [
                0.20574671844521666,
                0.3745787025222019,
                0.9040791356213286,
                -0.0
            ],
            [
                0.0,
                0.9238445336667606,
                -0.38276791612417777,
                0.0
            ],
            [
                -0.9786052768348559,
                0.07875324266866351,
                0.19007798115548746,
                0.0
            ],
            [
                -1.4210854715202004e-14,
                0.0,
                -456.31152343750006,
                1.0
            ]
        ]
    },
    "asset_transforms": [
        [
            "Clock_payload.usd",
            [
                [
                    6.5690107345581055,
                    0.0,
                    0.0,
                    0.0
                ],
                [
                    0.0,
                    -1.4586133933032442e-15,
                    -6.569010734558107,
                    0.0
                ],
                [
                    0.0,
                    6.569010734558107,
                    -1.4586133933032442e-15,
                    0.0
                ],
                [
                    0.6273860391575459,
                    -48.32692203308368,
                    1.9275423798698852,
                    1.0
                ]
            ]
        ]
    ]
}