{
    "camera_properties": {
        "resolution": {
            "width": 1024,
            "height": 1024
        },
        "clipping_range": [
            1.0,
            1000000.0
        ],
        "horizontal_aperture": 20.954999923706055,
        "focal_length": 24.0,
        "tf_mat": [
            [
                0.8117367029462224,
                -0.5815152293586147,
                -0.054069983484313994,
                0.0
            ],
            [
                0.0,
                0.09258185230178619,
                -0.9957050771309597,
                0.0
            ],
            [
                0.5840235655262519,
                0.8082503564170993,
                0.07515208754010605,
                -0.0
            ],
            [
                -4.647838936538659e-15,
                3.552713678800501e-15,
                -338.7334899902344,
                1.0
            ]
        ]
    },
    "asset_transforms": [
        [
            "Clock_payload.usd",
            [
                [
                    6.5690107345581055,
                    0.0,
                    0.0,
                    0.0
                ],
                [
                    0.0,
                    -1.4586133933032442e-15,
                    -6.569010734558107,
                    0.0
                ],
                [
                    0.0,
                    6.569010734558107,
                    -1.4586133933032442e-15,
                    0.0
                ],
                [
                    0.6273860391575459,
                    -48.32692203308368,
                    1.9275423798698852,
                    1.0
                ]
            ]
        ]
    ]
}