{
    "camera_properties": {
        "resolution": {
            "width": 1024,
            "height": 1024
        },
        "clipping_range": [
            1.0,
            1000000.0
        ],
        "horizontal_aperture": 20.954999923706055,
        "focal_length": 24.0,
        "tf_mat": [
            [
                -0.1276481632553497,
                0.3779661550980512,
                -0.9169773890439894,
                0.0
            ],
            [
                0.0,
                0.9245405812263902,
                0.381083604561478,
                -0.0
            ],
            [
                0.9918195130251954,
                0.04864462216900066,
                -0.11801590704858213,
                0.0
            ],
            [
                4.243995337120065e-15,
                -1.3988810110276976e-14,
                -211.9950103759766,
                1.0000000000000002
            ]
        ]
    },
    "asset_transforms": [
        [
            "Clock_payload.usd",
            [
                [
                    6.5690107345581055,
                    0.0,
                    0.0,
                    0.0
                ],
                [
                    0.0,
                    -1.4586133933032442e-15,
                    -6.569010734558107,
                    0.0
                ],
                [
                    0.0,
                    6.569010734558107,
                    -1.4586133933032442e-15,
                    0.0
                ],
                [
                    0.6273860391575459,
                    -48.32692203308368,
                    1.9275423798698852,
                    1.0
                ]
            ]
        ]
    ]
}