{
    "camera_properties": {
        "resolution": {
            "width": 1024,
            "height": 1024
        },
        "clipping_range": [
            1.0,
            1000000.0
        ],
        "horizontal_aperture": 20.954999923706055,
        "focal_length": 24.0,
        "tf_mat": [
            [
                -0.47703822354779934,
                0.35428212765120487,
                0.8043125681607217,
                0.0
            ],
            [
                2.775557561562892e-17,
                0.9151536458897345,
                -0.4031052026639284,
                0.0
            ],
            [
                -0.8788825480542666,
                -0.19229658978167602,
                -0.4365632695085307,
                0.0
            ],
            [
                5.465397799232392e-15,
                -2.8421709430404014e-14,
                -494.3547668457032,
                1.0
            ]
        ]
    },
    "asset_transforms": [
        [
            "Clock_payload.usd",
            [
                [
                    6.5690107345581055,
                    0.0,
                    0.0,
                    0.0
                ],
                [
                    0.0,
                    -1.4586133933032442e-15,
                    -6.569010734558107,
                    0.0
                ],
                [
                    0.0,
                    6.569010734558107,
                    -1.4586133933032442e-15,
                    0.0
                ],
                [
                    0.6273860391575459,
                    -48.32692203308368,
                    1.9275423798698852,
                    1.0
                ]
            ]
        ]
    ]
}