{
    "camera_properties": {
        "resolution": {
            "width": 1024,
            "height": 1024
        },
        "clipping_range": [
            1.0,
            1000000.0
        ],
        "horizontal_aperture": 20.954999923706055,
        "focal_length": 24.0,
        "tf_mat": [
            [
                0.5782942424387802,
                -0.511420595960749,
                -0.6356294071149554,
                0.0
            ],
            [
                0.0,
                0.7791215737935382,
                -0.6268728525382803,
                0.0
            ],
            [
                0.8158282718575995,
                0.3625169613640619,
                0.4505615202846443,
                -0.0
            ],
            [
                0.0,
                7.105427357601002e-15,
                -339.6214294433594,
                1.0
            ]
        ]
    },
    "asset_transforms": [
        [
            "Clock_payload.usd",
            [
                [
                    6.5690107345581055,
                    0.0,
                    0.0,
                    0.0
                ],
                [
                    0.0,
                    -1.4586133933032442e-15,
                    -6.569010734558107,
                    0.0
                ],
                [
                    0.0,
                    6.569010734558107,
                    -1.4586133933032442e-15,
                    0.0
                ],
                [
                    0.6273860391575459,
                    -48.32692203308368,
                    1.9275423798698852,
                    1.0
                ]
            ]
        ]
    ]
}