{
    "camera_properties": {
        "resolution": {
            "width": 1024,
            "height": 1024
        },
        "clipping_range": [
            1.0,
            1000000.0
        ],
        "horizontal_aperture": 20.954999923706055,
        "focal_length": 24.0,
        "tf_mat": [
            [
                -0.8916428157017968,
                0.3005150107086833,
                -0.3386204623854429,
                0.0
            ],
            [
                2.77555756156289e-17,
                0.7479365816640859,
                0.6637701935223076,
                -0.0
            ],
            [
                0.4527395379325415,
                0.591845924331157,
                -0.6668922796413426,
                0.0
            ],
            [
                -1.4210854715201997e-14,
                1.4210854715201997e-14,
                -288.7093505859375,
                1.0
            ]
        ]
    },
    "asset_transforms": [
        [
            "Clock_payload.usd",
            [
                [
                    6.5690107345581055,
                    0.0,
                    0.0,
                    0.0
                ],
                [
                    0.0,
                    -1.4586133933032442e-15,
                    -6.569010734558107,
                    0.0
                ],
                [
                    0.0,
                    6.569010734558107,
                    -1.4586133933032442e-15,
                    0.0
                ],
                [
                    0.6273860391575459,
                    -48.32692203308368,
                    1.9275423798698852,
                    1.0
                ]
            ]
        ]
    ]
}