{
    "camera_properties": {
        "resolution": {
            "width": 1024,
            "height": 1024
        },
        "clipping_range": [
            1.0,
            1000000.0
        ],
        "horizontal_aperture": 20.954999923706055,
        "focal_length": 24.0,
        "tf_mat": [
            [
                -0.22124443245778397,
                -0.7900845430238126,
                -0.571679382155143,
                0.0
            ],
            [
                -1.3877787807814454e-17,
                0.5862065257868846,
                -0.8101616561679963,
                0.0
            ],
            [
                0.9752183863660657,
                -0.17924375581794666,
                -0.1296949301007686,
                0.0
            ],
            [
                1.2199841302672968e-14,
                2.8421709430404e-14,
                -468.6455688476563,
                1.0000000000000002
            ]
        ]
    },
    "asset_transforms": [
        [
            "Clock_payload.usd",
            [
                [
                    6.5690107345581055,
                    0.0,
                    0.0,
                    0.0
                ],
                [
                    0.0,
                    -1.4586133933032442e-15,
                    -6.569010734558107,
                    0.0
                ],
                [
                    0.0,
                    6.569010734558107,
                    -1.4586133933032442e-15,
                    0.0
                ],
                [
                    0.6273860391575459,
                    -48.32692203308368,
                    1.9275423798698852,
                    1.0
                ]
            ]
        ]
    ]
}