{
    "camera_properties": {
        "resolution": {
            "width": 1024,
            "height": 1024
        },
        "clipping_range": [
            1.0,
            1000000.0
        ],
        "horizontal_aperture": 20.954999923706055,
        "focal_length": 24.0,
        "tf_mat": [
            [
                0.09110752595248726,
                0.9957579606949196,
                0.01286477467784909,
                -0.0
            ],
            [
                -2.168404344971009e-19,
                0.01291850193976929,
                -0.9999165526720879,
                0.0
            ],
            [
                -0.9958410609704829,
                0.09109992327289385,
                0.0011769727507447878,
                0.0
            ],
            [
                0.0,
                0.0,
                -312.3251647949219,
                1.0
            ]
        ]
    },
    "asset_transforms": [
        [
            "Clock_payload.usd",
            [
                [
                    6.5690107345581055,
                    0.0,
                    0.0,
                    0.0
                ],
                [
                    0.0,
                    -1.4586133933032442e-15,
                    -6.569010734558107,
                    0.0
                ],
                [
                    0.0,
                    6.569010734558107,
                    -1.4586133933032442e-15,
                    0.0
                ],
                [
                    0.6273860391575459,
                    -48.32692203308368,
                    1.9275423798698852,
                    1.0
                ]
            ]
        ]
    ]
}