{
    "camera_properties": {
        "resolution": {
            "width": 1024,
            "height": 1024
        },
        "clipping_range": [
            1.0,
            1000000.0
        ],
        "horizontal_aperture": 20.954999923706055,
        "focal_length": 24.0,
        "tf_mat": [
            [
                -0.9545990041396899,
                -0.2764652863954011,
                0.11094001403380428,
                0.0
            ],
            [
                -1.387778780781445e-17,
                0.3724145929560525,
                0.9280664690383862,
                0.0
            ],
            [
                -0.29789384232560406,
                0.8859313271194817,
                -0.3555065995629357,
                0.0
            ],
            [
                3.147460344335264e-15,
                0.0,
                -303.70556640625,
                1.0
            ]
        ]
    },
    "asset_transforms": [
        [
            "Clock_payload.usd",
            [
                [
                    6.5690107345581055,
                    0.0,
                    0.0,
                    0.0
                ],
                [
                    0.0,
                    -1.4586133933032442e-15,
                    -6.569010734558107,
                    0.0
                ],
                [
                    0.0,
                    6.569010734558107,
                    -1.4586133933032442e-15,
                    0.0
                ],
                [
                    0.6273860391575459,
                    -48.32692203308368,
                    1.9275423798698852,
                    1.0
                ]
            ]
        ]
    ]
}