{
    "camera_properties": {
        "resolution": {
            "width": 1024,
            "height": 1024
        },
        "clipping_range": [
            1.0,
            1000000.0
        ],
        "horizontal_aperture": 20.954999923706055,
        "focal_length": 24.0,
        "tf_mat": [
            [
                -0.7566884946540957,
                0.48764348061384594,
                0.4354610865197172,
                0.0
            ],
            [
                2.775557561562892e-17,
                0.6660711919984442,
                -0.7458881733810852,
                0.0
            ],
            [
                -0.6537755899833818,
                -0.5644049990960264,
                -0.5040084076057618,
                0.0
            ],
            [
                -6.190177272514658e-15,
                0.0,
                -369.31326293945307,
                1.0
            ]
        ]
    },
    "asset_transforms": [
        [
            "Clock_payload.usd",
            [
                [
                    6.5690107345581055,
                    0.0,
                    0.0,
                    0.0
                ],
                [
                    0.0,
                    -1.4586133933032442e-15,
                    -6.569010734558107,
                    0.0
                ],
                [
                    0.0,
                    6.569010734558107,
                    -1.4586133933032442e-15,
                    0.0
                ],
                [
                    0.6273860391575459,
                    -48.32692203308368,
                    1.9275423798698852,
                    1.0
                ]
            ]
        ]
    ]
}