{
    "camera_properties": {
        "resolution": {
            "width": 1024,
            "height": 1024
        },
        "clipping_range": [
            1.0,
            1000000.0
        ],
        "horizontal_aperture": 20.954999923706055,
        "focal_length": 24.0,
        "tf_mat": [
            [
                -0.9976329428621428,
                -0.0003680820575744504,
                -0.06876318660313746,
                0.0
            ],
            [
                5.421010862427515e-20,
                0.9999856735701197,
                -0.005352817436995687,
                0.0
            ],
            [
                0.06876417174822227,
                -0.005340147012273801,
                -0.9976186503437408,
                0.0
            ],
            [
                0.0,
                -2.22044604925031e-16,
                -368.05130004882807,
                1.0
            ]
        ]
    },
    "asset_transforms": [
        [
            "Clock_payload.usd",
            [
                [
                    6.5690107345581055,
                    0.0,
                    0.0,
                    0.0
                ],
                [
                    0.0,
                    -1.4586133933032442e-15,
                    -6.569010734558107,
                    0.0
                ],
                [
                    0.0,
                    6.569010734558107,
                    -1.4586133933032442e-15,
                    0.0
                ],
                [
                    0.6273860391575459,
                    -48.32692203308368,
                    1.9275423798698852,
                    1.0
                ]
            ]
        ]
    ]
}