{
    "camera_properties": {
        "resolution": {
            "width": 1024,
            "height": 1024
        },
        "clipping_range": [
            1.0,
            1000000.0
        ],
        "horizontal_aperture": 20.954999923706055,
        "focal_length": 24.0,
        "tf_mat": [
            [
                0.5302652205858158,
                -0.8119648439771489,
                -0.24399157358859802,
                0.0
            ],
            [
                -1.3877787807814454e-17,
                0.28778298678067754,
                -0.9576956471236528,
                0.0
            ],
            [
                0.8478318204909958,
                0.5078326935760994,
                0.15260130896610088,
                -0.0
            ],
            [
                -5.565463521932302e-17,
                1.06581410364015e-14,
                -241.06387329101565,
                1.0
            ]
        ]
    },
    "asset_transforms": [
        [
            "Clock_payload.usd",
            [
                [
                    6.5690107345581055,
                    0.0,
                    0.0,
                    0.0
                ],
                [
                    0.0,
                    -1.4586133933032442e-15,
                    -6.569010734558107,
                    0.0
                ],
                [
                    0.0,
                    6.569010734558107,
                    -1.4586133933032442e-15,
                    0.0
                ],
                [
                    0.6273860391575459,
                    -48.32692203308368,
                    1.9275423798698852,
                    1.0
                ]
            ]
        ]
    ]
}