{
    "camera_properties": {
        "resolution": {
            "width": 1024,
            "height": 1024
        },
        "clipping_range": [
            1.0,
            1000000.0
        ],
        "horizontal_aperture": 20.954999923706055,
        "focal_length": 24.0,
        "tf_mat": [
            [
                0.18343416936598644,
                -0.3012604999101409,
                0.9357318081068434,
                0.0
            ],
            [
                -6.938893903907227e-18,
                0.9518833687461621,
                0.30646052323987527,
                0.0
            ],
            [
                -0.9830319961776476,
                -0.05621533152397209,
                0.17460793507924918,
                0.0
            ],
            [
                7.988679090540826e-16,
                -1.4654943925052063e-14,
                -332.63180541992193,
                1.0
            ]
        ]
    },
    "asset_transforms": [
        [
            "Clock_payload.usd",
            [
                [
                    6.5690107345581055,
                    0.0,
                    0.0,
                    0.0
                ],
                [
                    0.0,
                    -1.4586133933032442e-15,
                    -6.569010734558107,
                    0.0
                ],
                [
                    0.0,
                    6.569010734558107,
                    -1.4586133933032442e-15,
                    0.0
                ],
                [
                    0.6273860391575459,
                    -48.32692203308368,
                    1.9275423798698852,
                    1.0
                ]
            ]
        ]
    ]
}