{
    "camera_properties": {
        "resolution": {
            "width": 1024,
            "height": 1024
        },
        "clipping_range": [
            1.0,
            1000000.0
        ],
        "horizontal_aperture": 20.954999923706055,
        "focal_length": 24.0,
        "tf_mat": [
            [
                -0.8942157113678177,
                0.44558818523131477,
                -0.042771845005921155,
                0.0
            ],
            [
                -6.938893903907225e-18,
                0.09555043799922901,
                0.995424589709414,
                -0.0
            ],
            [
                0.4476363049875949,
                0.8901243076000219,
                -0.08544270288698715,
                0.0
            ],
            [
                3.357535241121961e-15,
                3.5527136788004994e-15,
                -328.4926452636718,
                1.0
            ]
        ]
    },
    "asset_transforms": [
        [
            "Clock_payload.usd",
            [
                [
                    6.5690107345581055,
                    0.0,
                    0.0,
                    0.0
                ],
                [
                    0.0,
                    -1.4586133933032442e-15,
                    -6.569010734558107,
                    0.0
                ],
                [
                    0.0,
                    6.569010734558107,
                    -1.4586133933032442e-15,
                    0.0
                ],
                [
                    0.6273860391575459,
                    -48.32692203308368,
                    1.9275423798698852,
                    1.0
                ]
            ]
        ]
    ]
}