{
    "camera_properties": {
        "resolution": {
            "width": 1024,
            "height": 1024
        },
        "clipping_range": [
            1.0,
            1000000.0
        ],
        "horizontal_aperture": 20.954999923706055,
        "focal_length": 24.0,
        "tf_mat": [
            [
                0.7426196188469353,
                0.17160786041762813,
                -0.6473537239767116,
                0.0
            ],
            [
                -1.3877787807814457e-17,
                0.9666129990902939,
                0.2562407266413122,
                -0.0
            ],
            [
                0.6697134474561734,
                -0.19028939075143297,
                0.717825776956927,
                0.0
            ],
            [
                0.0,
                0.0,
                -374.1607971191406,
                1.0
            ]
        ]
    },
    "asset_transforms": [
        [
            "Clock_payload.usd",
            [
                [
                    6.5690107345581055,
                    0.0,
                    0.0,
                    0.0
                ],
                [
                    0.0,
                    -1.4586133933032442e-15,
                    -6.569010734558107,
                    0.0
                ],
                [
                    0.0,
                    6.569010734558107,
                    -1.4586133933032442e-15,
                    0.0
                ],
                [
                    0.6273860391575459,
                    -48.32692203308368,
                    1.9275423798698852,
                    1.0
                ]
            ]
        ]
    ]
}