{
    "camera_properties": {
        "resolution": {
            "width": 1024,
            "height": 1024
        },
        "clipping_range": [
            1.0,
            1000000.0
        ],
        "horizontal_aperture": 20.954999923706055,
        "focal_length": 24.0,
        "tf_mat": [
            [
                0.162373085670753,
                -0.07883677257596562,
                -0.9835749815543111,
                0.0
            ],
            [
                0.0,
                0.9968031205646968,
                -0.07989705146300789,
                0.0
            ],
            [
                0.9867294365983807,
                0.012973130782043542,
                0.16185399849232546,
                -0.0
            ],
            [
                -7.151517176787234e-15,
                3.4416913763379845e-15,
                -348.9268798828125,
                1.0
            ]
        ]
    },
    "asset_transforms": [
        [
            "Clock_payload.usd",
            [
                [
                    6.5690107345581055,
                    0.0,
                    0.0,
                    0.0
                ],
                [
                    0.0,
                    -1.4586133933032442e-15,
                    -6.569010734558107,
                    0.0
                ],
                [
                    0.0,
                    6.569010734558107,
                    -1.4586133933032442e-15,
                    0.0
                ],
                [
                    0.6273860391575459,
                    -48.32692203308368,
                    1.9275423798698852,
                    1.0
                ]
            ]
        ]
    ]
}