{
    "camera_properties": {
        "resolution": {
            "width": 1024,
            "height": 1024
        },
        "clipping_range": [
            1.0,
            1000000.0
        ],
        "horizontal_aperture": 20.954999923706055,
        "focal_length": 24.0,
        "tf_mat": [
            [
                -0.6840341843897976,
                -0.4817591358767993,
                0.5477274592216679,
                0.0
            ],
            [
                -2.7755575615628907e-17,
                0.7508773653794645,
                0.6604416568939259,
                0.0
            ],
            [
                -0.7294499534486134,
                0.45176467011048305,
                -0.513625786204102,
                0.0
            ],
            [
                7.790892622800765e-15,
                -2.1316282072803e-14,
                -272.4695739746094,
                1.0
            ]
        ]
    },
    "asset_transforms": [
        [
            "Clock_payload.usd",
            [
                [
                    6.5690107345581055,
                    0.0,
                    0.0,
                    0.0
                ],
                [
                    0.0,
                    -1.4586133933032442e-15,
                    -6.569010734558107,
                    0.0
                ],
                [
                    0.0,
                    6.569010734558107,
                    -1.4586133933032442e-15,
                    0.0
                ],
                [
                    0.6273860391575459,
                    -48.32692203308368,
                    1.9275423798698852,
                    1.0
                ]
            ]
        ]
    ]
}