{
    "camera_properties": {
        "resolution": {
            "width": 1024,
            "height": 1024
        },
        "clipping_range": [
            1.0,
            1000000.0
        ],
        "horizontal_aperture": 20.954999923706055,
        "focal_length": 24.0,
        "tf_mat": [
            [
                -0.4652570638388612,
                0.3389555751997109,
                0.8177071496502125,
                0.0
            ],
            [
                0.0,
                0.9237795735901538,
                -0.3829246654599223,
                0.0
            ],
            [
                -0.8851756122646184,
                -0.17815840552336165,
                -0.42979497204287015,
                0.0
            ],
            [
                0.0,
                -3.552713678800501e-15,
                -295.24694824218756,
                1.0
            ]
        ]
    },
    "asset_transforms": [
        [
            "Clock_payload.usd",
            [
                [
                    6.5690107345581055,
                    0.0,
                    0.0,
                    0.0
                ],
                [
                    0.0,
                    -1.4586133933032442e-15,
                    -6.569010734558107,
                    0.0
                ],
                [
                    0.0,
                    6.569010734558107,
                    -1.4586133933032442e-15,
                    0.0
                ],
                [
                    0.6273860391575459,
                    -48.32692203308368,
                    1.9275423798698852,
                    1.0
                ]
            ]
        ]
    ]
}