{
    "camera_properties": {
        "resolution": {
            "width": 1024,
            "height": 1024
        },
        "clipping_range": [
            1.0,
            1000000.0
        ],
        "horizontal_aperture": 20.954999923706055,
        "focal_length": 24.0,
        "tf_mat": [
            [
                -0.7201560722406914,
                -0.4125670540258173,
                0.5578204527868429,
                0.0
            ],
            [
                0.0,
                0.8039935479834418,
                0.5946380199760163,
                0.0
            ],
            [
                -0.6938121010870738,
                0.4282321808709097,
                -0.5790008356226133,
                0.0
            ],
            [
                2.842170943040401e-14,
                -1.4210854715202004e-14,
                -457.82330322265625,
                1.0
            ]
        ]
    },
    "asset_transforms": [
        [
            "Clock_payload.usd",
            [
                [
                    6.5690107345581055,
                    0.0,
                    0.0,
                    0.0
                ],
                [
                    0.0,
                    -1.4586133933032442e-15,
                    -6.569010734558107,
                    0.0
                ],
                [
                    0.0,
                    6.569010734558107,
                    -1.4586133933032442e-15,
                    0.0
                ],
                [
                    0.6273860391575459,
                    -48.32692203308368,
                    1.9275423798698852,
                    1.0
                ]
            ]
        ]
    ]
}