{
    "camera_properties": {
        "resolution": {
            "width": 1024,
            "height": 1024
        },
        "clipping_range": [
            1.0,
            1000000.0
        ],
        "horizontal_aperture": 20.954999923706055,
        "focal_length": 24.0,
        "tf_mat": [
            [
                -0.5469169915517796,
                0.10256904841172727,
                0.8308798918374805,
                0.0
            ],
            [
                -6.938893903907228e-18,
                0.9924664991898506,
                -0.12251631722281778,
                0.0
            ],
            [
                -0.8371868395716398,
                -0.067006255631507,
                -0.5427967919528399,
                0.0
            ],
            [
                -2.818365538945675e-14,
                -3.552713678800501e-15,
                -298.23696899414057,
                0.9999999999999999
            ]
        ]
    },
    "asset_transforms": [
        [
            "Clock_payload.usd",
            [
                [
                    6.5690107345581055,
                    0.0,
                    0.0,
                    0.0
                ],
                [
                    0.0,
                    -1.4586133933032442e-15,
                    -6.569010734558107,
                    0.0
                ],
                [
                    0.0,
                    6.569010734558107,
                    -1.4586133933032442e-15,
                    0.0
                ],
                [
                    0.6273860391575459,
                    -48.32692203308368,
                    1.9275423798698852,
                    1.0
                ]
            ]
        ]
    ]
}